#gene1	gene2	strand1	strand2	breakpoint1	breakpoint2	site1	site2	type	split_reads1	split_reads2	discordant_mates	coverage1	coverage2	confidence	reading_frame	tags	retained_protein_domains	closest_genomic_breakpoint1	closest_genomic_breakpoint2	gene_id1	gene_id2	transcript_id1	transcript_id2	direction1	direction2	filters	fusion_transcript	peptide_seq	read_identifiers
RPS6KB1	VMP1	+/+	+/+	chr17:59914703	chr17:59839768	CDS/splice-site	CDS/splice-site	duplication	10	11	0	371	569	high	in-frame	.	Protein_kinase_domain(14%)|	.	.	ENSG00000108443.14	ENSG00000062716.13	ENST00000225577.9	ENST00000262291.9	downstream	upstream	"duplicates(39),mismatches(2)"	AAAGTAACAGGAGCAAATACTGGGAAAATATTTGCCATGAAGGTGCTTAAAAAG|GGAGAAAACTGGTTGTCCTGGATGTTTGAAAAGTTGGTCGTTGTCATGGTGTG	KVTGANTGKIFAMKVLKK|GENWLSWMFEKLVVVMV	"SRR12576402.10183219,SRR12576402.10382239,SRR12576402.10479224,SRR12576402.10504130,SRR12576402.11761237,SRR12576402.11898525,SRR12576402.120604,SRR12576402.1342170,SRR12576402.14615630,SRR12576402.14768503,SRR12576402.16101199,SRR12576402.16785602,SRR12576402.16804259,SRR12576402.18693048,SRR12576402.19010619,SRR12576402.19304083,SRR12576402.19332052,SRR12576402.19675847,SRR12576402.2016213,SRR12576402.20543227,SRR12576402.2339955,SRR12576402.3279960,SRR12576402.4741737,SRR12576402.6046836,SRR12576402.6574189,SRR12576402.9575060,SRR12576402.9806252,SRR12576402.10265899,SRR12576402.1041829,SRR12576402.10419062,SRR12576402.10612164,SRR12576402.10959401,SRR12576402.10976379,SRR12576402.12346376,SRR12576402.12507274,SRR12576402.12693438,SRR12576402.13361800,SRR12576402.14325757,SRR12576402.15697475,SRR12576402.16863055,SRR12576402.19066852,SRR12576402.19089158,SRR12576402.1956432,SRR12576402.20405900,SRR12576402.20434546,SRR12576402.20555635,SRR12576402.20684653,SRR12576402.21892868,SRR12576402.22675177,SRR12576402.22927102,SRR12576402.23039806,SRR12576402.23702873,SRR12576402.314069,SRR12576402.3470686,SRR12576402.3526096,SRR12576402.4356497,SRR12576402.5508415,SRR12576402.7105326,SRR12576402.7243842,SRR12576402.8644785,SRR12576402.8864057,SRR12576402.900616"
RPS6KB1	VMP1	+/+	+/+	chr17:59912804	chr17:59839768	CDS/splice-site	CDS/splice-site	duplication	1	1	0	466	569	medium	in-frame	.	Protein_kinase_domain(5%)|	.	.	ENSG00000108443.14	ENSG00000062716.13	ENST00000225577.9	ENST00000262291.9	downstream	upstream	duplicates(1)	GAGCTACTTCGGGTACTTGGTAAAGGGGGCTATGGAAAG|GGAGAAAACTGGTTGTCCTGGATGTTTGAAAAGTTGGTCGTTGT	ELLRVLGKGGYGK|GENWLSWMFEKLVV	"SRR12576402.17187310,SRR12576402.13181866,SRR12576402.23021255"
ARFGEF2	SULF2	+/+	-/-	chr20:48922010	chr20:47736942	CDS/splice-site	CDS/splice-site	inversion	9	9	0	124	197	high	in-frame	Mitelman	"Dimerisation_and_cyclophilin-binding_domain_of_Mon2(10%)|Sulfatase(95%),Sulfatase_protein(100%)"	.	.	ENSG00000124198.10	ENSG00000196562.16	ENST00000371917.5	ENST00000698128.1	downstream	downstream	"duplicates(47),mismatches(2)"	GAGGTGAAGCGGCCCCAGCACTCCCAGCTGCGCAGGGCCTGCCAGGTGGCGCTCG|GTTCCATGCAGGTGATGAACAAGACCCGGCGCATCATGGAGCAGGGCGGGa	EVKRPQHSQLRRACQVAL|gSMQVMNKTRRIMEQGG	"SRR12576402.10091218,SRR12576402.11096894,SRR12576402.1158056,SRR12576402.12421999,SRR12576402.13360089,SRR12576402.15449016,SRR12576402.16110343,SRR12576402.16619679,SRR12576402.16902566,SRR12576402.17472716,SRR12576402.17677170,SRR12576402.17810484,SRR12576402.18723938,SRR12576402.21337899,SRR12576402.21392801,SRR12576402.21395066,SRR12576402.22156638,SRR12576402.22820685,SRR12576402.23754617,SRR12576402.24945754,SRR12576402.3541609,SRR12576402.4124471,SRR12576402.4941322,SRR12576402.7116,SRR12576402.7268366,SRR12576402.8458295,SRR12576402.8756089,SRR12576402.8835930,SRR12576402.9135060,SRR12576402.9540725,SRR12576402.10516950,SRR12576402.1068192,SRR12576402.10772852,SRR12576402.10927570,SRR12576402.10972219,SRR12576402.11581024,SRR12576402.11734417,SRR12576402.13008230,SRR12576402.14487055,SRR12576402.15198801,SRR12576402.15820299,SRR12576402.16785647,SRR12576402.16846916,SRR12576402.17496192,SRR12576402.18012707,SRR12576402.18307833,SRR12576402.18643469,SRR12576402.19446689,SRR12576402.19460076,SRR12576402.20264845,SRR12576402.21370248,SRR12576402.21686855,SRR12576402.22097664,SRR12576402.22336996,SRR12576402.22808758,SRR12576402.24316887,SRR12576402.2771111,SRR12576402.3048735,SRR12576402.4355008,SRR12576402.5080357,SRR12576402.5684364,SRR12576402.5821464,SRR12576402.6470428,SRR12576402.7095440,SRR12576402.9026819,SRR12576402.9308505,SRR12576402.9651676"
NCOA3	"ENSG00000270342(36653),ENSG00000270976(198826)"	+/+	./+	chr20:47502019	chr1:106581397	5'UTR/splice-site	intergenic	translocation	8	4	0	173	38	high	.	.	.	.	.	ENSG00000124151.19	.	ENST00000371998.8	.	downstream	upstream	duplicates(14)	AGCGGCGAGTTTCCGATTTAAAGCTGAGCTGCGAGGAAAATGGCGGCGGGAG|GTTAGCCACCCAGTAGAGCTACTGAGTTCCATCCTGGTACTGGGGA	.	"SRR12576402.11564024,SRR12576402.15093168,SRR12576402.24404991,SRR12576402.5790677,SRR12576402.8908811,SRR12576402.9744203,SRR12576402.10088204,SRR12576402.10648141,SRR12576402.12368652,SRR12576402.13082462,SRR12576402.13090192,SRR12576402.1721874,SRR12576402.17811568,SRR12576402.18325914,SRR12576402.19766769,SRR12576402.21174387,SRR12576402.22925945,SRR12576402.23207701,SRR12576402.2404901,SRR12576402.3643153,SRR12576402.5660378,SRR12576402.6220503,SRR12576402.6959557,SRR12576402.7242466,SRR12576402.7889436,SRR12576402.8827754"
USP32	PPM1D	-/-	+/-	chr17:60265412	chr17:60602618	CDS/splice-site	intron	duplication/5'-5'	6	5	0	314	56	high	out-of-frame	.	EF_hand(100%)|	.	.	ENSG00000170832.13	ENSG00000170836.13	ENST00000300896.9	.	upstream	downstream	"duplicates(4),mismappers(1)"	TATGGATCTCTCTGATATTGTAGAAGGCATACTGAATGCACATGACACCACAAAG|CATGGCCCCTGCTTTATTAAAAAATGTTCCTGAAGGTCCGGCAGGGTAGCTCAC	MDLSDIVEGILNAHDTTK|hgpcfikkcs*	"SRR12576402.13335522,SRR12576402.13362992,SRR12576402.13728543,SRR12576402.17361179,SRR12576402.1947785,SRR12576402.21714655,SRR12576402.23671122,SRR12576402.4088114,SRR12576402.5691385,SRR12576402.12156041,SRR12576402.14698892,SRR12576402.20678754,SRR12576402.5443606,SRR12576402.7025843,SRR12576402.9376790,SRR12576402.9677899"
GCN1	MSI1	-/-	-/-	chr12:120190298	chr12:120347514	CDS/splice-site	CDS/splice-site	duplication	7	4	0	115	33	high	in-frame	.	.	.	.	ENSG00000089154.11	ENSG00000135097.7	ENST00000300648.7	ENST00000257552.7	upstream	downstream	"duplicates(3),mismatches(1)"	GAACGGAGAGAAATCCTCAGTGAACTTGGGAAGTGTGTTGCTGGAAAAG|CCATTCCTCTCACTGCCTACGGACCAATGGCGGCGGCAGCGGCGGCAGCGGC	ERREILSELGKCVAGK|aIPLTAYGPMAAAAAAA	"SRR12576402.12041118,SRR12576402.16153681,SRR12576402.21893061,SRR12576402.21959351,SRR12576402.2262748,SRR12576402.23092465,SRR12576402.4110081,SRR12576402.6424466,SRR12576402.8199419,SRR12576402.15736475,SRR12576402.21106717,SRR12576402.22028103,SRR12576402.23292926,SRR12576402.7469548,SRR12576402.8653127"
GCN1	MSI1	-/-	-/-	chr12:120190298	chr12:120351400	CDS/splice-site	CDS/splice-site	duplication	4	1	0	115	13	high	in-frame	.	.	.	.	ENSG00000089154.11	ENSG00000135097.7	ENST00000300648.7	ENST00000257552.7	upstream	downstream	.	AAAGGAACGGAGAGAAATCCTCAGTGAACTTGGGAAGTGTGTTGCTGGAAAAG|AATTCCGTGTAGAGCGGACCCCTCTCCCGAGCGCCCCAGTCC	KERREILSELGKCVAGK|eFRVERTPLPSAPV	"SRR12576402.15670820,SRR12576402.5001119,SRR12576402.668342,SRR12576402.7810558,SRR12576402.17883916"
ENSG00000224738	VMP1	+/+	+/+	chr17:59107591	chr17:59838295	exon/splice-site	CDS/splice-site	deletion	7	1	0	100	311	high	.	.	.	.	.	ENSG00000224738.2	ENSG00000062716.13	ENST00000451775.2	ENST00000262291.9	downstream	upstream	"duplicates(6),mismatches(1)"	TGGGATCTGCTTTCTACAGTTTCCTGCCAGATGTGTAAAGATTGCAAGAATTGAAG|TGCTGTCCCCGGCATAGGTCCATCTCTGCAGAAGCCATTTC	.	"SRR12576402.11438182,SRR12576402.13623452,SRR12576402.13820425,SRR12576402.14381489,SRR12576402.17215272,SRR12576402.19868918,SRR12576402.2050041,SRR12576402.23617083,SRR12576402.24014052,SRR12576402.24677276,SRR12576402.2565794,SRR12576402.2794036,SRR12576402.3017180,SRR12576402.7826045,SRR12576402.18143034"
BCAS4	BCAS3	+/+	+/+	chr20:50795173	chr17:61353588	CDS/splice-site	exon/splice-site	translocation	6	1	0	535	8	high	out-of-frame	.	.	.	.	ENSG00000124243.19	ENSG00000141376.24	ENST00000358791.9	ENST00000585812.5	downstream	upstream	"duplicates(2),mismatches(2)"	CCATGCGCAGCGGGGCGCGCGAGCTCGCGCTCTTCCTGACCCCCGAtCCTGGGGCCGAG|GGGTGTTGTGAGGATTCATGGAGCAAATGGCTGTGAAAGCACCTTG	MRSGARELALFLTPdPGAE|gccedswskwl*	"SRR12576402.7053043,SRR12576402.11192412,SRR12576402.13529902,SRR12576402.15353795,SRR12576402.15791390,SRR12576402.17488803,SRR12576402.17491494,SRR12576402.19086287,SRR12576402.21265404,SRR12576402.4867192,SRR12576402.9180740"
BCAS3	BCAS4	+/-	+/-	chr17:61368327	chr20:50795173	CDS	CDS	translocation	9	16	0	1167	535	medium	.	.	.	.	.	ENSG00000141376.24	ENSG00000124243.19	.	.	upstream	downstream	"duplicates(285),mismappers(1),mismatches(2)"	CCAGCTCCCGCACACCTCCAGCAGGGTCACGCTCCTGTCAAAGGTAC|CTCGGCCCCAGGaTCGGGGGTCAGGAAGAGCGCGAGCTCGCGCGCCCCGCTGCGC	.	"SRR12576402.10025784,SRR12576402.10028068,SRR12576402.10034530,SRR12576402.10227711,SRR12576402.10489782,SRR12576402.10545135,SRR12576402.10585345,SRR12576402.10720195,SRR12576402.10957141,SRR12576402.11012411,SRR12576402.11069622,SRR12576402.11073060,SRR12576402.11331492,SRR12576402.11509490,SRR12576402.11616894,SRR12576402.11681941,SRR12576402.118463,SRR12576402.11931970,SRR12576402.12127044,SRR12576402.12293047,SRR12576402.12362283,SRR12576402.12418403,SRR12576402.1250049,SRR12576402.12655074,SRR12576402.1278693,SRR12576402.12838220,SRR12576402.12883175,SRR12576402.12940074,SRR12576402.13083615,SRR12576402.13096889,SRR12576402.1311207,SRR12576402.1321648,SRR12576402.13639337,SRR12576402.13779947,SRR12576402.13810086,SRR12576402.13834512,SRR12576402.14332560,SRR12576402.14352860,SRR12576402.14604087,SRR12576402.14604934,SRR12576402.1461556,SRR12576402.14800906,SRR12576402.1492953,SRR12576402.15185122,SRR12576402.15296939,SRR12576402.15311709,SRR12576402.15405749,SRR12576402.15449936,SRR12576402.15563993,SRR12576402.15600001,SRR12576402.1561069,SRR12576402.16456329,SRR12576402.16490055,SRR12576402.16495256,SRR12576402.16868098,SRR12576402.16869022,SRR12576402.16875047,SRR12576402.16914800,SRR12576402.16917089,SRR12576402.17047947,SRR12576402.17117514,SRR12576402.17441748,SRR12576402.17454592,SRR12576402.17637603,SRR12576402.17771143,SRR12576402.17779956,SRR12576402.17834133,SRR12576402.17967652,SRR12576402.18116743,SRR12576402.18267878,SRR12576402.18546170,SRR12576402.18548821,SRR12576402.18657175,SRR12576402.19162027,SRR12576402.1970135,SRR12576402.19742662,SRR12576402.19903217,SRR12576402.19968919,SRR12576402.20136988,SRR12576402.20207099,SRR12576402.2023785,SRR12576402.20262343,SRR12576402.20271569,SRR12576402.20444752,SRR12576402.20525637,SRR12576402.20572363,SRR12576402.20585626,SRR12576402.20704499,SRR12576402.20759716,SRR12576402.20987925,SRR12576402.21068985,SRR12576402.21288700,SRR12576402.21469233,SRR12576402.21639572,SRR12576402.21952826,SRR12576402.22033468,SRR12576402.22114882,SRR12576402.22166290,SRR12576402.22289633,SRR12576402.22305154,SRR12576402.22741164,SRR12576402.22948078,SRR12576402.23000424,SRR12576402.23008568,SRR12576402.23048500,SRR12576402.23143516,SRR12576402.23179300,SRR12576402.23375826,SRR12576402.23494017,SRR12576402.23678705,SRR12576402.23708456,SRR12576402.23800264,SRR12576402.23833612,SRR12576402.24002101,SRR12576402.24079843,SRR12576402.24201961,SRR12576402.24265915,SRR12576402.24327028,SRR12576402.24391807,SRR12576402.24518844,SRR12576402.24598666,SRR12576402.24617052,SRR12576402.24699739,SRR12576402.24768354,SRR12576402.24888134,SRR12576402.258327,SRR12576402.2659197,SRR12576402.3089053,SRR12576402.3176324,SRR12576402.3394649,SRR12576402.3563757,SRR12576402.4123567,SRR12576402.4477571,SRR12576402.4758303,SRR12576402.4824671,SRR12576402.4873243,SRR12576402.4991713,SRR12576402.4995287,SRR12576402.504207,SRR12576402.5165089,SRR12576402.5268900,SRR12576402.539357,SRR12576402.5646888,SRR12576402.5773741,SRR12576402.5904664,SRR12576402.5911351,SRR12576402.598565,SRR12576402.5994922,SRR12576402.6041909,SRR12576402.6084700,SRR12576402.6119839,SRR12576402.6147644,SRR12576402.6257035,SRR12576402.6387753,SRR12576402.6432740,SRR12576402.6541683,SRR12576402.6588819,SRR12576402.6607486,SRR12576402.6901899,SRR12576402.7133179,SRR12576402.7211805,SRR12576402.7255385,SRR12576402.7708024,SRR12576402.7790277,SRR12576402.7838466,SRR12576402.7894935,SRR12576402.7903405,SRR12576402.7989432,SRR12576402.8192191,SRR12576402.8275288,SRR12576402.8295536,SRR12576402.8310339,SRR12576402.8340013,SRR12576402.8352435,SRR12576402.8671901,SRR12576402.8821868,SRR12576402.9070622,SRR12576402.9085899,SRR12576402.9189099,SRR12576402.919344,SRR12576402.9258661,SRR12576402.936836,SRR12576402.9423598,SRR12576402.9433457,SRR12576402.9546396,SRR12576402.9618779,SRR12576402.9640404,SRR12576402.9651265,SRR12576402.9676018,SRR12576402.9869033,SRR12576402.9888796,SRR12576402.10035815,SRR12576402.10107935,SRR12576402.10155415,SRR12576402.10295172,SRR12576402.10352130,SRR12576402.10429950,SRR12576402.10595979,SRR12576402.11104340,SRR12576402.11238110,SRR12576402.11602244,SRR12576402.11607767,SRR12576402.116225,SRR12576402.11667574,SRR12576402.11756945,SRR12576402.11944499,SRR12576402.12097390,SRR12576402.12122273,SRR12576402.1213308,SRR12576402.12171750,SRR12576402.12251224,SRR12576402.12362937,SRR12576402.13004102,SRR12576402.13490364,SRR12576402.13545338,SRR12576402.13623458,SRR12576402.14040155,SRR12576402.14263541,SRR12576402.14288062,SRR12576402.14473118,SRR12576402.14576376,SRR12576402.14647423,SRR12576402.14827759,SRR12576402.14958206,SRR12576402.15180430,SRR12576402.15252518,SRR12576402.15878953,SRR12576402.1615206,SRR12576402.16216751,SRR12576402.16250816,SRR12576402.16279844,SRR12576402.16599714,SRR12576402.16631979,SRR12576402.16840695,SRR12576402.17063502,SRR12576402.17071751,SRR12576402.1730976,SRR12576402.17406307,SRR12576402.17912744,SRR12576402.18122075,SRR12576402.18472269,SRR12576402.18477857,SRR12576402.19320939,SRR12576402.19378891,SRR12576402.19619549,SRR12576402.19694568,SRR12576402.1974205,SRR12576402.19881022,SRR12576402.19955811,SRR12576402.20060325,SRR12576402.20278068,SRR12576402.20285135,SRR12576402.21088529,SRR12576402.21093858,SRR12576402.21211002,SRR12576402.21334576,SRR12576402.21366564,SRR12576402.22065934,SRR12576402.22199753,SRR12576402.22664129,SRR12576402.22743346,SRR12576402.22900545,SRR12576402.23086223,SRR12576402.23351208,SRR12576402.23442852,SRR12576402.2356684,SRR12576402.2385859,SRR12576402.2392412,SRR12576402.23928119,SRR12576402.23954469,SRR12576402.24369653,SRR12576402.24374432,SRR12576402.24513879,SRR12576402.24575994,SRR12576402.24647991,SRR12576402.24910701,SRR12576402.2912139,SRR12576402.292981,SRR12576402.3183703,SRR12576402.3785550,SRR12576402.3962023,SRR12576402.4020073,SRR12576402.4042943,SRR12576402.5348321,SRR12576402.537254,SRR12576402.5442003,SRR12576402.5516305,SRR12576402.5870786,SRR12576402.5917012,SRR12576402.60129,SRR12576402.6383540,SRR12576402.6816745,SRR12576402.7027849,SRR12576402.705238,SRR12576402.7418825,SRR12576402.7576023,SRR12576402.7597853,SRR12576402.7604132,SRR12576402.7655200,SRR12576402.7756626,SRR12576402.7949320,SRR12576402.7996329,SRR12576402.8124911,SRR12576402.8193280,SRR12576402.8567983,SRR12576402.8760241,SRR12576402.9147625,SRR12576402.915817,SRR12576402.9341138,SRR12576402.9449086,SRR12576402.9479384,SRR12576402.9617295,SRR12576402.9795746"
BCAS4	BCAS3	+/+	+/+	chr20:50795173	chr17:61354362	CDS/splice-site	CDS/splice-site	translocation	2	1	0	535	29	medium	out-of-frame	.	.	.	.	ENSG00000124243.19	ENSG00000141376.24	ENST00000358791.9	ENST00000587002.1	downstream	upstream	duplicates(1)	CGAGCTCGCGCTCTTCCTGACCCCCGAtCCTGGGGCCGAG|TGGACTCTTCCACCGCCCTTGAGTGGGGAACATCCAGGCCTTCAC	ELALFLTPdPGAE|wtlppplsgehpgl	"SRR12576402.2352146,SRR12576402.1314114,SRR12576402.338638,SRR12576402.3682266"
PREX1	"LINC01754(44376),RPL35AP(21511)"	-/-	./-	chr20:48676193	chr20:47456703	CDS/splice-site	intergenic	deletion	4	2	0	98	9	high	out-of-frame	.	"Domain_found_in_Dishevelled__Egl-10__and_Pleckstrin_(DEP)(70%),RhoGEF_domain(100%)|"	.	.	ENSG00000124126.14	.	ENST00000371941.4	.	upstream	downstream	duplicates(3)	AAGTCAGTGCTTCCCGGGAGCAAGCTGGTGGACTGGCTGCTGGCTCAG|GCTCTATTCTAGATACTGAGGATACAGCCCTGAAAAGACCAA	KSVLPGSKLVDWLLAQ|alf*	"SRR12576402.10869176,SRR12576402.2639906,SRR12576402.12107611,SRR12576402.13470665,SRR12576402.15968697,SRR12576402.21514157,SRR12576402.22061503,SRR12576402.22724466,SRR12576402.23654784"
DEPDC1B	ELOVL7	-/-	-/-	chr5:60638750	chr5:60757645	CDS/splice-site	CDS/splice-site	duplication	5	1	0	42	18	high	in-frame	.	"Domain_found_in_Dishevelled__Egl-10__and_Pleckstrin_(DEP)(100%),RhoGAP_domain(40%)|GNS1/SUR4_family(41%)"	.	.	ENSG00000035499.13	ENSG00000164181.14	ENST00000265036.10	ENST00000425382.5	upstream	downstream	duplicates(2)	GAGCCTCTACTTACATTTCATCTTTTTGATGCTTTTGTCAGTGTACTGG|GTGGTTTGGGAACATTCCATGCCCTTCTAAATACAGCTG	EPLLTFHLFDAFVSVL|gGLGTFHALLNTA	"SRR12576402.13714681,SRR12576402.16119995,SRR12576402.1925177,SRR12576402.20741363,SRR12576402.3329204,SRR12576402.8020340,SRR12576402.9109148,SRR12576402.23538995"
MGAT4A	CRACDL	-/-	-/-	chr2:98726239	chr2:98846810	CDS/splice-site	CDS/splice-site	duplication	4	2	0	39	28	high	out-of-frame	.	|Domain_of_unknown_function_(DUF4592)(100%)	.	.	ENSG00000071073.13	ENSG00000196872.12	ENST00000393487.6	ENST00000428096.5	upstream	downstream	duplicates(1)	ATTTATCACTTCCTTCCTTACTTTGTCTTGGTATACTACATGGCAAAATGGGAAAG|CGAGCTTGACATGATTTCCACAAGGGTGATGGACATTAAGCTTCGG	FITSFLTLSWYTTWQNGK|aslt*	"SRR12576402.1748935,SRR12576402.23430930,SRR12576402.2697081,SRR12576402.4144038,SRR12576402.652724,SRR12576402.10389547,SRR12576402.5566150"
CHEK2	ENSG00000226471	-/-	+/-	chr22:28724977	chr22:28810934	CDS/splice-site	intron	duplication/5'-5'	4	2	0	101	11	high	out-of-frame	.	FHA_domain(100%)|	.	.	ENSG00000183765.24	ENSG00000226471.7	ENST00000416671.5	.	upstream	downstream	"duplicates(1),mismatches(1)"	ACGCCGTCCTTTGAATAACAATTCTGAAATTGCACTGTCACTAAGCAGAAATAAAG|AAAGTGGTGGGCAGCCACAGGACCGAAGGAAACACCCGTCAACATAACCAAGA	RRPLNNNSEIALSLSRNK|esggqpqdrrkhpst*	"SRR12576402.10786099,SRR12576402.22020770,SRR12576402.24379347,SRR12576402.2523989,SRR12576402.7276429,SRR12576402.17388057,SRR12576402.20000717,SRR12576402.20797310"
TXLNG	SYAP1	+/+	+/+	chrX:16786589	chrX:16735227	CDS/splice-site	CDS/splice-site	duplication	3	2	0	40	232	high	out-of-frame	.	Myosin-like_coiled-coil_protein(0%)|BSD_domain__(100%)	.	.	ENSG00000086712.13	ENSG00000169895.6	ENST00000398155.4	ENST00000380155.4	downstream	upstream	.	CCGAAGAGGCGACTGAGGCCGGACGGGGCGGACGGCGACGCAGCCCGCGGCAGAAG|ACTATTTATTTAACTTTGCATCTGCTGCCACAAAAAAGATAACTGA	EEATEAGRGGRRRSPRQK|tiyltlhllpqkr*	"SRR12576402.14939749,SRR12576402.21999867,SRR12576402.3286661,SRR12576402.4775937,SRR12576402.7311161"
ATXN7	"ENSG00000237480(133486),ENSG00000270342(286292)"	+/+	./+	chr3:63913225	chr1:106258050	CDS/splice-site	intergenic	translocation	3	1	0	110	65	high	out-of-frame	.	.	.	.	ENSG00000163635.20	.	ENST00000674280.1	.	downstream	upstream	.	GAGTTTGGGAAAAACCGCGAAGTCATGGGGCTCTGTCGGGAAG|GGTTAACATCTCCAATGCCTTGCTGCTTCTTCTGTAGGAC	EFGKNREVMGLCRE|gltspmpccffcr	"SRR12576402.16189051,SRR12576402.3843954,SRR12576402.4102776,SRR12576402.4669778"
TANGO2	GNB1L	+/+	-/+	chr22:20043443	chr22:19840895	CDS/splice-site	intron	duplication/5'-5'	2	2	0	34	23	high	out-of-frame	.	Transport_and_Golgi_organisation_2(19%)|	.	.	ENSG00000183597.16	ENSG00000185838.14	ENST00000401886.5	.	downstream	upstream	duplicates(3)	CTCCAAGTTAGCTGACTTCTGGGGGAACAACAACGAGATCCTCAGTG|CTCAGTCTAATCGTGAGAAGAACACAACAAATCCCGGTGGAG	SKLADFWGNNNEILS|aqsnreknttnpgg	"SRR12576402.21145625,SRR12576402.2539300,SRR12576402.635305,SRR12576402.11519580,SRR12576402.16159766,SRR12576402.24365832,SRR12576402.3063117"
TANC2	CA4	+/+	+/+	chr17:63074014	chr17:60155314	CDS/splice-site	CDS/splice-site	duplication	3	1	0	28	5	high	in-frame	.	|Eukaryotic-type_carbonic_anhydrase(100%)	.	.	ENSG00000170921.16	ENSG00000167434.10	ENST00000689528.1	ENST00000586876.1	downstream	upstream	duplicates(1)	ATCGAAGACAGTCAAGTGTAGACTCTCGCCAAAGCCGCTCTGGGCAAG|AGTCACACTGGTGCTACGAGGTTCAAGCCGAGTCCTCCAACTACC	RRQSSVDSRQSRSGQ|eSHWCYEVQAESSNY	"SRR12576402.21242910,SRR12576402.16151448,SRR12576402.19750347,SRR12576402.23239714,SRR12576402.574498"
ATP9A	"RNU7-92P(41182),ENSG00000234967(5192)"	-/-	./+	chr20:51639343	chr20:47945605	CDS/splice-site	intergenic	inversion	2	2	0	94	11	high	out-of-frame	.	"Cation_transport_ATPase_(P-type)(81%),E1-E2_ATPase(100%),Phospholipid-translocating_ATPase_N-terminal(100%)|"	.	.	ENSG00000054793.14	.	ENST00000338821.6	.	upstream	upstream	"duplicates(4),mismatches(1)"	AGATCTTCCCTTTCACCTATGAAAGCAAACGTATGGGCATCATCGTGCGG|GTGTGTGAAGCTGCCTACGGAGTACCAGAGAGGAAGATGGGAATAAAAG	IFPFTYESKRMGIIVR|vceaaygvperkmgik	"SRR12576402.14858041,SRR12576402.24288301,SRR12576402.8303909,SRR12576402.9622613,SRR12576402.13327387,SRR12576402.16556099,SRR12576402.17569244,SRR12576402.17813590,SRR12576402.22090506"
MYO9B	FCHO1	+/+	+/+	chr19:17102557	chr19:17770425	CDS/splice-site	CDS/splice-site	deletion	2	1	0	20	1	high	in-frame	.	"Myosin_head_(motor_domain)(19%),Ras_association_(RalGDS/AF-6)_domain(100%)|Muniscin_C-terminal_mu_homology_domain(100%)"	.	.	ENSG00000099331.14	ENSG00000130475.16	ENST00000595618.5	ENST00000594202.6	downstream	upstream	.	AGCGGtGTCGAGAGGACCATCCTGGGTGCTGGCCCTGTGCTGGAG|TGCAAGGAGGAAGTGGTGAGCACCTTGGATGCTGTGCAG	SGVERTILGAGPVLE|CKEEVVSTLDAV	"SRR12576402.16834558,SRR12576402.2075000,SRR12576402.24343655"
BCAS3	"SNTN(39526),CDHR18P(23281)"	+/+	./+	chr17:60747279	chr3:63718546	CDS/splice-site	intergenic	translocation	2	1	0	8	9	high	out-of-frame	.	.	.	.	ENSG00000141376.24	.	ENST00000407086.8	.	downstream	upstream	.	GACATGGCCCAATTCGAGCGGCTAaAATCTTGCCTGCTCCACAGTTTG|GATCTTTGTTGAGTGCCTGGGTAGAGCATCCAGAAAGGGTCTA	HGPIRAAkILPAPQF|gsllsawvehperv	"SRR12576402.2614404,SRR12576402.21804963,SRR12576402.8611756"
DENND2C	ENSG00000287886	-/-	+/+	chr1:114618386	chr20:53740404	CDS/splice-site	exon/splice-site	translocation	2	1	0	15	2	high	out-of-frame	.	.	.	.	ENSG00000175984.16	ENSG00000287886.1	ENST00000393276.7	ENST00000663196.1	upstream	upstream	duplicates(2)	GAAGGTAAAGTTACATTCTTACACTGGAAAGGAATTACCTCCGACAAAAG|TGTGTACAGCAAATTTCTGTTGTGCCTGGGAAGAAGGAAATTTGAGTTAAAG	KVKLHSYTGKELPPTK|vctanfccaweegnls*	"SRR12576402.1785920,SRR12576402.5935636,SRR12576402.7277603,SRR12576402.11679574,SRR12576402.9819944"
PLEKHM3	CRYGFP	-/-	+/+	chr2:208025389	chr2:209145359	5'UTR/splice-site	exon	inversion	2	1	0	8	1	high	.	.	.	.	.	ENSG00000178385.15	ENSG00000232799.1	ENST00000427836.8	ENST00000418459.1	upstream	upstream	duplicates(1)	GACTGAAGGCCCCGCAGGTGAATGGAGAGTAGCAGCCGGGGCCCAG|ATCACCCTCTACGAGGACCGGGGCTTCCAGGGCCGCCtCTACGAATGCAG	.	"SRR12576402.10078322,SRR12576402.19165715,SRR12576402.21200914,SRR12576402.9450600"
AKAP10	SPECC1	-/-	+/-	chr17:19977592	chr17:20024468	CDS/splice-site	intron	duplication/5'-5'	2	1	0	14	1	high	out-of-frame	.	.	.	.	ENSG00000108599.15	ENSG00000128487.19	ENST00000225737.11	.	upstream	downstream	duplicates(2)	GCACCCTCCGTCCCGACCCGGGCCCCGCCATGTCCTTCTTCCGGCGGAAAG|TGCCTAATCTGTCTCTCAAAAAAGGAAAGCAATTGAGAGAAACTGAAAACTCC	TLRPDPGPAMSFFRRK|vpnlslkkgkqlreten	"SRR12576402.10424369,SRR12576402.21671698,SRR12576402.22843118,SRR12576402.7744721,SRR12576402.19236668"
CACNA1D	LINC00877	+/+	-/+	chr3:53501720	chr3:72236408	CDS/splice-site	intron	deletion/5'-5'	1	1	0	7	7	high	out-of-frame	.	Ion_transport_protein(3%)|	.	.	ENSG00000157388.20	ENSG00000241163.10	ENST00000637424.1	.	downstream	upstream	mismappers(1)	ATTTACATCCCATTCCCTGAAGATGATTCTAATTCAACAAATCATAACTTG|GGAAAATTTGGACCCTGAGAGAGACACACACAGGAAGAAAT	IYIPFPEDDSNSTNHNL|gkfgp*	"SRR12576402.18747193,SRR12576402.19466817,SRR12576402.12726948"
"ENSG00000237480(91741),ENSG00000270342(328037)"	ATXN7	./-	+/-	chr1:106216305	chr3:63913225	intergenic	CDS	translocation	14	4	0	144	110	medium	.	.	.	.	.	.	ENSG00000163635.20	.	.	upstream	downstream	"duplicates(14),mismatches(1)"	CTGGATTGTTTGAACACCTCCTTATTTCAGGATGTTGCATTTTTGGTACCTTAAC|CTTCCCGACAGAGCCCCATGACTTCGCGGTTTTTCCCAAACTCCTTGAAACT	.	"SRR12576402.10105768,SRR12576402.10587886,SRR12576402.14437168,SRR12576402.15002513,SRR12576402.17814887,SRR12576402.18351020,SRR12576402.19334390,SRR12576402.19376998,SRR12576402.19627057,SRR12576402.20608244,SRR12576402.20917492,SRR12576402.21039356,SRR12576402.21769347,SRR12576402.21933398,SRR12576402.23009471,SRR12576402.23092366,SRR12576402.24266749,SRR12576402.4863809,SRR12576402.5810462,SRR12576402.656433,SRR12576402.6995835,SRR12576402.7240227,SRR12576402.7898960,SRR12576402.811293,SRR12576402.11405264,SRR12576402.12774742,SRR12576402.13301606,SRR12576402.19462256,SRR12576402.2085443,SRR12576402.21259531,SRR12576402.2259119,SRR12576402.24876509,SRR12576402.3290741"
ZNF217	SULF2	-/-	-/+	chr20:53594107	chr20:47786405	intron	5'UTR	inversion/5'-5'	7	8	0	72	157	medium	.	.	.	.	.	ENSG00000171940.14	ENSG00000196562.16	.	.	upstream	upstream	duplicates(16)	TTTGCCCCCGTGCGCACCCCCGCCCCGCTCACCTTAGCCCCGCGCCCGAG|GACTCGCCCCGGTCTGCAAACACTCGACTGCCTTTGCCGAAAGCCTCGCGCT	.	"SRR12576402.10502855,SRR12576402.11411718,SRR12576402.13372499,SRR12576402.15621563,SRR12576402.19715351,SRR12576402.20417005,SRR12576402.21808492,SRR12576402.22341896,SRR12576402.22409142,SRR12576402.2654886,SRR12576402.3341205,SRR12576402.5040101,SRR12576402.7879489,SRR12576402.7959141,SRR12576402.1249480,SRR12576402.12912814,SRR12576402.13182443,SRR12576402.13319516,SRR12576402.14971433,SRR12576402.17693219,SRR12576402.17914107,SRR12576402.18838607,SRR12576402.1913653,SRR12576402.2002736,SRR12576402.22668317,SRR12576402.24501938,SRR12576402.3292301,SRR12576402.6518617,SRR12576402.7632251,SRR12576402.824765,SRR12576402.9613405"
ENSG00000275734	CHMP1A	+/+	-/+	chr16:89673400	chr16:89651569	intron	CDS	duplication/5'-5'	9	4	0	70	256	medium	.	.	.	.	.	ENSG00000275734.2	ENSG00000131165.16	.	.	downstream	upstream	duplicates(14)	TTCTGGTTTGAAATTTGTGTTACTTTTGAAATATCAGCAGTTTGTCCCGG|CTTCTTCACTTTGGCCTGCTCCGCCTTGGAGTCCTTCTCCGCCTTCTTG	.	"SRR12576402.12102199,SRR12576402.14138525,SRR12576402.14812258,SRR12576402.16274981,SRR12576402.1828859,SRR12576402.18507374,SRR12576402.19835571,SRR12576402.22064011,SRR12576402.22094646,SRR12576402.22651605,SRR12576402.10440280,SRR12576402.11079081,SRR12576402.12362625,SRR12576402.13828843,SRR12576402.14228017,SRR12576402.19819747,SRR12576402.20170748,SRR12576402.2061841,SRR12576402.23254566,SRR12576402.2361318,SRR12576402.24246018,SRR12576402.3368269,SRR12576402.3925687,SRR12576402.4574193,SRR12576402.5925158,SRR12576402.729596,SRR12576402.7462396"
CCDC170	ATP11B	+/-	+/-	chr6:151544572	chr3:182793786	CDS	CDS	translocation	8	3	0	38	43	medium	.	.	.	.	.	ENSG00000120262.10	ENSG00000058063.16	.	.	upstream	downstream	"duplicates(14),mismappers(2)"	TGCAATTCTTTGAAACTTGTTTCTTATTCTCCTCATTTTCTTTTGAACACTTT|CAGCTGCTGCCGGATCCAGCGCCACATTCCCCCGTCGTCGCCGTCCGGGTCCC	.	"SRR12576402.1126868,SRR12576402.11930235,SRR12576402.12546167,SRR12576402.18201036,SRR12576402.19360073,SRR12576402.20893647,SRR12576402.22683021,SRR12576402.23410920,SRR12576402.24167644,SRR12576402.2722501,SRR12576402.5353040,SRR12576402.9667989,SRR12576402.14106775,SRR12576402.14687660,SRR12576402.15829683,SRR12576402.18746836,SRR12576402.18778840,SRR12576402.18856841,SRR12576402.19484706,SRR12576402.21548427,SRR12576402.22301181,SRR12576402.6476220,SRR12576402.7147111,SRR12576402.8020899,SRR12576402.8381968,SRR12576402.8445922,SRR12576402.9999974"
TTC6	FOXA1	+/+	-/+	chr14:37715506	chr14:37592330	intron	CDS	duplication/5'-5'	6	3	0	156	342	medium	.	.	.	.	.	ENSG00000139865.17	ENSG00000129514.8	.	.	downstream	upstream	duplicates(16)	CTGAAAATGAAAGATAAAGAAAAACCAAACATCAATCTAAGAAAAGTGGGAAT|GGCTGCGGCCCAGGTTGGACGGCGCGTACGCCATGGGGCT	.	"SRR12576402.14018973,SRR12576402.19235512,SRR12576402.3164230,SRR12576402.5333274,SRR12576402.12331725,SRR12576402.12749822,SRR12576402.13334564,SRR12576402.1422258,SRR12576402.14264073,SRR12576402.16416600,SRR12576402.16796451,SRR12576402.16960172,SRR12576402.17184023,SRR12576402.20094644,SRR12576402.20836030,SRR12576402.22126891,SRR12576402.22208355,SRR12576402.22222102,SRR12576402.24609170,SRR12576402.24700445,SRR12576402.24788411,SRR12576402.2853719,SRR12576402.5599436,SRR12576402.7086316"
TPX2	NBN	+/+	-/+	chr20:31782041	chr8:89978228	intron	CDS	translocation/5'-5'	6	1	0	11	132	medium	.	.	Aurora-A_binding_(100%)|	.	.	ENSG00000088325.16	ENSG00000104320.15	.	.	downstream	upstream	duplicates(1)	CAGACATGGATGGATTTTCAGTTCAGAAGATGACAGTAGAGTTTACCCAAAGGC|TTGTGGAGGCTGCTTCTTGGACTCAACTGCTTTCA	.	"SRR12576402.10346117,SRR12576402.11652485,SRR12576402.13023222,SRR12576402.17736000,SRR12576402.22254483"
CARM1	SMARCA4	+/-	+/-	chr19:10904951	chr19:10986593	CDS	CDS	duplication	5	2	0	61	122	medium	.	.	.	.	.	ENSG00000142453.13	ENSG00000127616.22	.	.	upstream	downstream	duplicates(1)	GCTGCACTCTGTCTCTCGGGACACTGAGCACTTAAAGACACACACATCTTCAT|CATGAGGCCTGCTGTAATTTGGAGGTGCCGGGCCGGGACCCGGGCCGGGGCC	.	"SRR12576402.19213594,SRR12576402.19442921,SRR12576402.2043242,SRR12576402.22597960,SRR12576402.3252432,SRR12576402.16605834,SRR12576402.24596673,SRR12576402.9015235"
"SLC2A10(4301),RN7SKP33(118685)"	DDX42	./-	+/-	chr20:46740648	chr17:63805175	intergenic	CDS	translocation	4	1	0	16	101	medium	.	.	.	.	.	.	ENSG00000198231.14	.	.	upstream	downstream	duplicates(1)	CCCCTTGTCTTTGTCTTCATGGTGAAAGCTGACCACCATATACCCACCCTGGC|CCGAAGATTGAGCTTATGCCGGAGATCTATTAACTGaTGTGGAGTGAGGTTGGT	.	"SRR12576402.17333875,SRR12576402.18154596,SRR12576402.395150,SRR12576402.6469167,SRR12576402.7838600,SRR12576402.9099790"
"ENSG00000270342(205547),ENSG00000270976(29932)"	NCOA3	./-	+/-	chr1:106750291	chr20:47502019	intergenic	5'UTR	translocation	2	3	0	121	173	medium	.	.	.	.	.	.	ENSG00000124151.19	.	.	upstream	downstream	"duplicates(3),mismatches(1)"	GTGATGTGGCTATGATGGAGACAAATGTCCATTGAAACACGTGGGAC|CTCCCGCCGCCATTTTCCTCGCAGCTCAGCTTTAAATCGGAAACTCGCCGCTC	.	"SRR12576402.16760248,SRR12576402.16854103,SRR12576402.20895961,SRR12576402.387330,SRR12576402.8454260,SRR12576402.12278799,SRR12576402.21911816,SRR12576402.24677698,SRR12576402.9415476"
MRPS25	BRPF1	-/+	+/-	chr3:15045243	chr3:9746454	3'UTR	CDS	inversion	2	2	0	21	35	medium	.	.	.	.	.	ENSG00000131368.9	ENSG00000156983.17	.	.	downstream	downstream	duplicates(1)	GCCTTCCGTCGTTTTGATCCTTGAGAGTGACCATGAGGGCCATGTTGCAGTTCC|CAGGTTCGTTTGTTGTCAAAGAAGAGGACGAGGTAGAGATG	.	"SRR12576402.12202110,SRR12576402.16225943,SRR12576402.11097897,SRR12576402.3189626,SRR12576402.7868603"
"RNA5SP214(67610),ENSG00000287253(133834)"	MAN1A1	./-	-/+	chr6:117128409	chr6:119248260	intergenic	CDS	inversion	3	1	0	8	50	medium	.	.	.	.	.	.	ENSG00000111885.7	.	.	upstream	upstream	duplicates(2)	CCTTTTAGAGCTTCTCAAATGTCACTTTTTTCCTTGATAATCCTACAGCTTTT|CTTTTCATATTCAGCAATGCCCAAGGTATTCCAGAGGGAGTATGAAA	.	"SRR12576402.17945712,SRR12576402.18238471,SRR12576402.19262521,SRR12576402.24450240,SRR12576402.9759281,SRR12576402.7695875"
DSCAML1	TRAPPC4	-/-	+/-	chr11:117515529	chr11:119021886	intron	CDS	duplication/5'-5'	3	1	0	16	159	medium	.	.	"Immunoglobulin_I-set_domain(63%),Immunoglobulin_domain(41%)|"	.	.	ENSG00000177103.15	ENSG00000196655.12	.	.	upstream	downstream	.	GGGTGAGGTCTTTGTTTCATGCCTGGTCCTGGGTAGCCGCTCACTAAGT|CTGATAGGCATTTCTAAGGAATAGAATGGATTCTTGAGGG	.	"SRR12576402.15449717,SRR12576402.23773602,SRR12576402.9020840,SRR12576402.15469561"
ENSG00000229425	NRIP1	-/+	-/+	chr21:15400549	chr21:15064745	exon	5'UTR	duplication	2	2	0	25	44	medium	.	.	.	.	.	ENSG00000229425.5	ENSG00000180530.11	.	.	downstream	upstream	duplicates(5)	GCTTTACTCTGGTATGAGTTTGAAGATACTGGTCGCCACCACAGGGAGT|CCCAGGCCGCCGCGGCTCCCAGCCTCCGGCTCCGTCAGGCTCGG	.	"SRR12576402.11073997,SRR12576402.12826830,SRR12576402.24629165,SRR12576402.4589407,SRR12576402.10445195,SRR12576402.23209132,SRR12576402.4749883,SRR12576402.6240737,SRR12576402.7417399"
NRIP1	ENSG00000229425	-/-	-/-	chr21:15064745	chr21:15405929	5'UTR/splice-site	exon/splice-site	duplication	2	0	0	44	3	medium	.	.	.	.	.	ENSG00000180530.11	ENSG00000229425.5	ENST00000318948.7	ENST00000654045.1	upstream	downstream	.	CGGACCGAGCCTGACGGAGCCGGAGGCTGGGAGCCGCGGCGGCCTGGG|GAAAAGTGTTGTCATTTGAACGTCAAGGGTTT	.	"SRR12576402.17526229,SRR12576402.2871484"
DNAAF4-CCPG1	RAB27A	-/+	-/+	chr15:55439581	chr15:55270165	exon	5'UTR	duplication	3	1	0	10	34	medium	.	.	.	.	.	ENSG00000261771.5	ENSG00000069974.17	.	.	downstream	upstream	duplicates(1)	GTCAGTATTCATTGCTCTTCGTGCCTCAGCTTGTTTGTGTAGCCA|CTTTACAGGGTAGAGAACCGCTTGTTATGATTTTCTAAAACG	.	"SRR12576402.1401672,SRR12576402.11692816,SRR12576402.6549157,SRR12576402.7328055,SRR12576402.8123066"
"ENSG00000237480(411221),ENSG00000270342(8557)"	NCOA3	./-	+/-	chr1:106535785	chr20:47502019	intergenic	5'UTR	translocation	3	1	0	46	173	medium	.	.	.	.	.	.	ENSG00000124151.19	.	.	upstream	downstream	"duplicates(1),mismatches(1)"	CCTTACTGTTCCATCGTTGGCCCTCAAATTATCTGCTTGTCCTCCACTGGAAAAAC|CTCCCGCCGCCATTTTCCTCGCAGCTCAGCTTTAAATCGGA	.	"SRR12576402.11491358,SRR12576402.15932889,SRR12576402.3723304,SRR12576402.4760739,SRR12576402.8688471,SRR12576402.3941750"
FAM171A2	ATXN7L3	-/+	-/+	chr17:44356588	chr17:44198020	CDS	CDS	duplication	2	2	0	18	33	medium	.	.	.	.	.	ENSG00000161682.15	ENSG00000087152.16	.	.	downstream	upstream	duplicates(1)	CAGGCGGGCAGCCCGGCGCTGGAACTGCACCAAGGGCTGGGAGCGGGCAC|CTCTAGTTTGCTGTTATCCAGGCCAGACAAAGACATTTCCTCC	.	"SRR12576402.24201504,SRR12576402.24653086,SRR12576402.19558077,SRR12576402.20851658,SRR12576402.24851169"
DNAAF4	RAB27A	-/+	-/+	chr15:55439581	chr15:55270165	CDS	5'UTR	duplication	3	1	0	10	34	medium	.	.	.	.	.	ENSG00000256061.7	ENSG00000069974.17	.	.	downstream	upstream	duplicates(1)	GTCAGTATTCATTGCTCTTCGTGCCTCAGCTTGTTTGTGTAGCCA|CTTTACAGGGTAGAGAACCGCTTGTTATGATTTTCTAAAACG	.	"SRR12576402.1401672,SRR12576402.11692816,SRR12576402.6549157,SRR12576402.7328055,SRR12576402.8123066"
NUP210L	GATAD2B	-/+	-/+	chr1:154030054	chr1:153922733	CDS	5'UTR	duplication	3	1	0	9	35	medium	.	.	.	.	.	ENSG00000143552.10	ENSG00000143614.11	.	.	downstream	upstream	duplicates(1)	TGGACAACCATGGCAAAGTTATGCTCTACTGGGAGCTGTAGAAAAAC|CTGGCGGTGGCGGTGTAACTCCCGGCTAGCTCGCCTCCT	.	"SRR12576402.6895392,SRR12576402.13600726,SRR12576402.20198916,SRR12576402.20539632,SRR12576402.9533877"
PODXL	PPM1D	-/-	+/-	chr7:131556260	chr17:60602618	CDS	intron	translocation/5'-5'	1	2	0	14	56	medium	out-of-frame	.	.	.	.	ENSG00000128567.17	ENSG00000170836.13	ENST00000378555.8	.	upstream	downstream	mismatches(1)	CGCtGCtGCcGtcGtCGcCGTCGCCGTCGCCGTCGCCGTCGCCCTCCCAGAATG|CATGGCCCCTGCTTTATTAAAAAATGTTCCTGAAGGTCCGGCA	llpsspSPSPSPSPSQN|awplly*	"SRR12576402.15142065,SRR12576402.20093659,SRR12576402.18734911,SRR12576402.23603350"
EWSR1	TTC28	+/+	-/+	chr22:29292606	chr22:28581643	CDS	intron	duplication/5'-5'	2	1	0	379	35	medium	out-of-frame	.	RNA_recognition_motif._(a.k.a._RRM__RBD__or_RNP_domain)(32%)|	.	.	ENSG00000182944.18	ENSG00000100154.15	ENST00000629659.2	.	downstream	upstream	mismatches(1)	TGACTCTAGATGATCTGGCAGACTTCTTTAAGCAGTGTGGGGTTGTTAAG|ATATCATTGCAAGAATATTTCTTCCCTCTTTGGGAGGCCAAGATGGGAAGATTGC	TLDDLADFFKQCGVVK|islqeyffplweakmgrl	"SRR12576402.4246644,SRR12576402.89824,SRR12576402.12583652,SRR12576402.4287723"
H6PD	GPR157	+/+	-/+	chr1:9242273	chr1:9111276	intron	CDS	duplication/5'-5'	2	1	0	4	20	medium	.	.	.	.	.	ENSG00000049239.13	ENSG00000180758.12	.	.	downstream	upstream	.	CAGCTGTCAGCACTTCAGGTCCTCTTCCTTCTGCATCAGAATGTC|CGCTCTGTTGATGTGCTTCCGGACCAGGAGGTACAGCAGAGGCAGCAGCAC	.	"SRR12576402.14776908,SRR12576402.16254887,SRR12576402.4029651"
"ENSG00000256875(12635),FBRSL1(14060)"	FBRSL1	./-	+/-	chr12:132475491	chr12:132527988	intergenic	CDS	duplication	2	1	0	6	25	medium	.	.	.	.	.	.	ENSG00000112787.14	.	.	upstream	downstream	.	GTTGCTTAGACACCATCACGTGAGCCTTTTGAGCTTTGAAGGTTGAGAACATATTC|AGAGTAGCCTCTCCCCGAGACCGCATGCGCAGAGCT___ATCGCTGAGCGGGTCCCGG	.	"SRR12576402.19825257,SRR12576402.5629273,SRR12576402.4635323"
"ENSG00000237480(133534),ENSG00000270342(286244)"	BCAS1	./.	-/.	chr1:106258098	chr20:53996050	intergenic	CDS	translocation	1	1	0	65	2	medium	.	.	.	.	.	.	ENSG00000064787.14	.	.	downstream	downstream	.	.	.	"SRR12576402.1454929,SRR12576402.2925374"
ATP2B1	"ENSG00000257194(64935),LINC02392(103180)"	-/-	./-	chr12:89655679	chr12:90177714	CDS/splice-site	intergenic	duplication	2	0	0	42	1	medium	out-of-frame	.	Cation_transporter/ATPase__N-terminus(25%)|	.	.	ENSG00000070961.17	.	ENST00000551310.2	.	upstream	downstream	.	TATGGAATTTGCACCAAATTGAAAACATCTCCCAATGAAG|TTAGAAGAGCATGCTCTAACTTGTGCTTGTTCTACA	YGICTKLKTSPNE|vrracsnlclfy	"SRR12576402.6657769,SRR12576402.9213250"
DHX30	"DDIT4L-AS1(165044),EMCN(14792)"	+/+	./+	chr3:47825125	chr4:100380549	CDS	intergenic	translocation	1	1	0	17	4	medium	out-of-frame	.	.	.	.	ENSG00000132153.15	.	ENST00000457607.1	.	downstream	upstream	.	TCCGCGCCTGCAGCCGCTGGGTCCCCGCGCTGCTGGGCGACA|ACCAACTCTGGTAATACAACAAAACAAGCTTCTTTAACACCGCCACA	PRLQPLGPRAAGRq|ptlviqqnkll*	"SRR12576402.10445211,SRR12576402.1912469"
B3GNTL1	SLC9A8	-/-	+/+	chr17:82956695	chr20:49877981	CDS/splice-site	CDS/splice-site	translocation	2	0	0	11	9	medium	out-of-frame	.	Glycosyl_transferase_family_2(100%)|Sodium/hydrogen_exchanger_family(26%)	.	.	ENSG00000175711.9	ENSG00000197818.12	ENST00000320865.4	ENST00000417961.5	upstream	upstream	.	ATCCTGCACTTCCGAGCCGCCCGGCCACCCTTCGTCATCTGCGTGAAGCTG|AAACATGTGTGTTTGCATTTCTTGG	ILHFRAARPPFVICVKL|khvclhfl	"SRR12576402.13347071,SRR12576402.21509284"
BMP7	PTPRT	-/-	-/+	chr20:57265705	chr20:42204525	CDS	intron	inversion/5'-5'	1	1	0	527	1	medium	out-of-frame	.	TGF-beta_propeptide(42%)|	.	.	ENSG00000101144.13	ENSG00000196090.14	ENST00000395863.8	.	upstream	upstream	.	CTCACCGACGCCGACATGGTCATGAGCTTCGTCAACCTCG|GAACATTTCCAAAGCTGAAGACTGTTTTAAGACACAGCAATCCAAAGTTTAC	LTDADMVMSFVNL|gtfpklktvlrhsnpkf	"SRR12576402.1329628,SRR12576402.3646867"
CAMSAP2	MIR181A1HG	+/+	-/+	chr1:200761098	chr1:198929978	CDS	intron	duplication/5'-5'	1	1	0	62	1	medium	out-of-frame	.	.	.	.	ENSG00000118200.15	ENSG00000229989.6	ENST00000358823.7	.	downstream	upstream	.	TAACTGAACGAGATCTCCACAAGAAACCCATACAGATG|GAAATATACCGAATCAAGTATAAACCACAAGAATGAGTCGAG	TERDLHKKPIQM|eiyrikykpqe*	"SRR12576402.3740759,SRR12576402.1515678"
SLC25A19	"RNU7-6P(77243),ZFP64(69390)"	-/-	./-	chr17:75283423	chr20:51982273	CDS	intergenic	translocation	1	1	0	29	3	medium	out-of-frame	.	Mitochondrial_carrier_protein(46%)|	.	.	ENSG00000125454.12	.	ENST00000416858.7	.	upstream	downstream	.	GTTCTGCGCACCCGCTTTGCA?CTCAGGGTGAGCCCAAG|ACCCAGTCTCGGCCAGGTGCGGTGGCACACGCCAGTAATCCCAAC	VLRTRFA?QGEPK|tqsrpgavahasnp	"SRR12576402.17179691,SRR12576402.2244273"
VAV3	RSBN1	-/-	-/+	chr1:107609388	chr1:113811710	intron	CDS	inversion/5'-5'	1	1	0	5	47	medium	.	.	"CAMSAP_CH_domain(100%),PH_domain(100%),Phorbol_esters/diacylglycerol_binding_domain_(C1_domain)(100%),RhoGEF_domain(100%),SH2_domain(0%),Variant_SH3_domain(56%)|"	.	.	ENSG00000134215.16	ENSG00000081019.14	ENST00000525231.5	.	upstream	upstream	.	TGGGATTACAGGTGTGAGCCACTGCTTCTGGTTGACACTAGTAGCTT|CTCTCTTGGGGGCTTTGATCAGAGGCACCCCTCCAGTCCTCTCGCC	.	"SRR12576402.13176416,SRR12576402.9554217"
USP16	"HSPD1P7(1033),THUMPD1P1(11474)"	+/+	./+	chr21:29047339	chr21:28890305	intron	intergenic	duplication	1	1	0	15	2	medium	out-of-frame	.	"Ubiquitin_carboxyl-terminal_hydrolase(76%),Zn-finger_in_ubiquitin-hydrolases_and_other_protein(100%)|"	.	.	ENSG00000156256.15	.	ENST00000399975.7	.	downstream	upstream	.	ACCAAAGGCAAATATAAAAGGTATTTTAATGCTCTCAC|AGAGTAGGAGAAAATATTTGCAAAAGACATATCTGATAAAG	PKANIKgilmls|qsrrkylqktyli	"SRR12576402.18767983,SRR12576402.8714415"
DUSP7	WDR82P2	-/-	-/-	chr3:52053940	chr1:91535348	CDS	exon	translocation	1	1	0	8	14	medium	out-of-frame	.	"Dual_specificity_phosphatase__catalytic_domain(45%),Rhodanese-like_domain(100%)|"	.	.	ENSG00000164086.10	ENSG00000241318.3	ENST00000495880.2	ENST00000444540.3	upstream	downstream	"duplicates(1),mismatches(1)"	ACCTCTCCCAGTTCTTCCCTGAGGCCATCAGCTTCATTG|ATACTATTCGTTACTTGTCCTTGCATGACAACAAATACATCAGATACTTTCCTG	LSQFFPEAISFI|dtirylslhdnkyiryfp	"SRR12576402.14345100,SRR12576402.2788745,SRR12576402.3776109,SRR12576402.8542595"
MYO6	ENSG00000223786	+/+	+/+	chr6:75749423	chr6:74347075	5'UTR/splice-site	exon/splice-site	duplication	2	0	0	55	14	medium	.	.	.	.	.	ENSG00000196586.17	ENSG00000223786.1	ENST00000369985.9	ENST00000435946.1	downstream	upstream	.	CGTACAGGTAGCCCCGCCGCCGCGCACCTGCCTTCGCTCCCGCACCG|AGAACTTCCCTTCATGATGCTATGCAATCCCCAGGAG	.	"SRR12576402.3918642,SRR12576402.5225112"
GFM1	MFSD1	+/-	+/-	chr3:158658922	chr3:158804371	CDS	CDS	duplication	4	0	0	41	41	low	.	.	.	.	.	ENSG00000168827.15	ENSG00000118855.21	.	.	upstream	downstream	.	TCCCTGATAACTGCGAACATAAGTTAATTGTCCAAATCGACCTAC|TCGTTTAACTTGAGTCTGAAGGGCAGCAGGATT	.	"SRR12576402.10690314,SRR12576402.24821946,SRR12576402.69982,SRR12576402.7064211"
AP4B1-AS1	RSBN1	+/-	-/+	chr1:113899872	chr1:113811710	exon	CDS	inversion	4	0	0	24	47	low	.	.	.	.	.	ENSG00000226167.1	ENSG00000081019.14	.	.	upstream	upstream	duplicates(1)	TGCCATCTTTGCCATAGGTAGGTGTCTGCTCCTTTTCCTTCTTGAGAAC|CTCTCTTGGGGGCTTTGATCAGAGGCACCCCT	.	"SRR12576402.11426872,SRR12576402.1657769,SRR12576402.16592426,SRR12576402.19187659,SRR12576402.9994585"
ANKS1B	ANKS1B	-/-	-/+	chr12:99652432	chr12:99651001	intron	intron	inversion/5'-5'	3	0	0	7	2	low	out-of-frame	.	Ankyrin_repeats_(3_copies)(100%)|	.	.	ENSG00000185046.21	ENSG00000185046.21	ENST00000547776.6	.	upstream	upstream	"duplicates(1),mismatches(1)"	TTCCCCATGCTTGCCCAG___ATGGAGTCTCGCTCTGTTTCCCAGGCTGGAGTGCAGTG|TATTTGATACATGTTTGCTGGATCCAATTAAGG	FPMLAQmesrsvsqagvqc|i*	"SRR12576402.11633486,SRR12576402.16242203,SRR12576402.19256445,SRR12576402.4043707,SRR12576402.6196207"
RGS17	TBL1XR1	-/+	-/+	chr6:153044043	chr3:177197121	5'UTR	5'UTR	translocation	2	0	0	5	11	low	.	.	.	.	.	ENSG00000091844.8	ENSG00000177565.19	.	.	downstream	upstream	.	ATTTTGGGACTGCTGCCTTTTTCGCATTTCAGCTACTTCAGGACCCAGTTGG|CTGGAAACGGTGGCCTCCAACGCCG	.	"SRR12576402.15040975,SRR12576402.18028447"
"CADPS(27383),RPS10P10(23572)"	PARD6B	./+	+/-	chr3:62902799	chr20:50731852	intergenic	CDS	translocation	2	0	0	5	143	low	.	.	.	.	.	.	ENSG00000124171.9	.	.	downstream	downstream	.	CTAAGATGGAACATTAAGTACACTCTTTTAAATTGGAAAGGAAATGAAAACAAA|CTTGCTCTTCACCTCCATAGTGCCCAGG	.	"SRR12576402.8020271,SRR12576402.8227810"
"LINC01750(25872),LINC02884(152122)"	TBX2-AS1	./+	-/+	chr1:112024714	chr17:61399239	intergenic	exon	translocation	2	0	0	7	65	low	.	.	.	.	.	.	ENSG00000267280.6	.	.	downstream	upstream	.	TGCTTGTTCACCAACAACCTTGTCAAGTGTTCCCAAGAAAGGTCATGG|CAGCTCCCGCCACCTGGGATCCGCTCCCGGAC	.	"SRR12576402.24106980,SRR12576402.2451328"