#gene1	gene2	strand1(gene/fusion)	strand2(gene/fusion)	breakpoint1	breakpoint2	site1	site2	type	split_reads1	split_reads2	discordant_mates	coverage1	coverage2	confidence	reading_frame	tags	retained_protein_domains	closest_genomic_breakpoint1	closest_genomic_breakpoint2	gene_id1	gene_id2	transcript_id1	transcript_id2	direction1	direction2	filters	fusion_transcript	peptide_sequence	read_identifiers
RPS6KB1	VMP1	+/+	+/+	chr17:59914703	chr17:59839768	CDS/splice-site	CDS/splice-site	duplication	10	13	0	463	700	high	in-frame	.	Protein_kinase_domain(14%)|	.	.	ENSG00000108443.14	ENSG00000062716.13	ENST00000225577.9	ENST00000262291.9	downstream	upstream	duplicates(89),mismatches(3)	GAAAAGTAACAGGAGCAAATACTGGGAAAATATTTGCCATGAAGGTGCTTAAAAAG|GGAGAAAACTGGTTGTCCTGGATGTTTGAAAAGTTGGTCGTTGTCATGGTGTG	KVTGANTGKIFAMKVLKK|GENWLSWMFEKLVVVMV	SRR12576403.13677478,SRR12576403.13909941,SRR12576403.14058382,SRR12576403.1407506,SRR12576403.14629223,SRR12576403.14823538,SRR12576403.15460797,SRR12576403.15493040,SRR12576403.15910323,SRR12576403.164555,SRR12576403.17241916,SRR12576403.20445632,SRR12576403.22374748,SRR12576403.22612449,SRR12576403.24363982,SRR12576403.24369407,SRR12576403.24489133,SRR12576403.24681244,SRR12576403.24783188,SRR12576403.25915682,SRR12576403.25954629,SRR12576403.27841907,SRR12576403.28035616,SRR12576403.2812082,SRR12576403.28440869,SRR12576403.29036812,SRR12576403.29264270,SRR12576403.2996396,SRR12576403.30507561,SRR12576403.30536161,SRR12576403.32418730,SRR12576403.32982801,SRR12576403.33185301,SRR12576403.33380732,SRR12576403.3417042,SRR12576403.4221113,SRR12576403.5020176,SRR12576403.5424707,SRR12576403.5501548,SRR12576403.7084835,SRR12576403.7543696,SRR12576403.7584627,SRR12576403.7999000,SRR12576403.8998800,SRR12576403.9404561,SRR12576403.9712658,SRR12576403.1023241,SRR12576403.10656432,SRR12576403.10699041,SRR12576403.10894707,SRR12576403.12115751,SRR12576403.13323742,SRR12576403.13616969,SRR12576403.13999988,SRR12576403.14163335,SRR12576403.14240613,SRR12576403.15104510,SRR12576403.1567654,SRR12576403.16433865,SRR12576403.16484135,SRR12576403.16589400,SRR12576403.16996075,SRR12576403.18706972,SRR12576403.18840312,SRR12576403.2003201,SRR12576403.20050225,SRR12576403.20115973,SRR12576403.20447067,SRR12576403.20542467,SRR12576403.20923733,SRR12576403.21228980,SRR12576403.22438076,SRR12576403.23250079,SRR12576403.24257900,SRR12576403.24654931,SRR12576403.25140537,SRR12576403.25196222,SRR12576403.25427735,SRR12576403.25880403,SRR12576403.25992834,SRR12576403.26451151,SRR12576403.27318825,SRR12576403.27727979,SRR12576403.2827102,SRR12576403.28272970,SRR12576403.28289745,SRR12576403.28512656,SRR12576403.28616436,SRR12576403.29567480,SRR12576403.30446600,SRR12576403.30506551,SRR12576403.30632185,SRR12576403.30714209,SRR12576403.31449903,SRR12576403.32299962,SRR12576403.32693975,SRR12576403.33050947,SRR12576403.33163098,SRR12576403.3526664,SRR12576403.3596710,SRR12576403.4119017,SRR12576403.469290,SRR12576403.47427,SRR12576403.5653544,SRR12576403.6022034,SRR12576403.6642322,SRR12576403.6762742,SRR12576403.7028822,SRR12576403.7384818,SRR12576403.7481992,SRR12576403.7806533,SRR12576403.9223804,SRR12576403.924601,SRR12576403.9403020,SRR12576403.9580559
ARFGEF2	SULF2	+/+	-/-	chr20:48922010	chr20:47736942	CDS/splice-site	CDS/splice-site	inversion	12	10	0	169	201	high	in-frame	Mitelman	Dimerisation_and_cyclophilin-binding_domain_of_Mon2(10%)|Sulfatase(95%),Sulfatase_protein(100%)	.	.	ENSG00000124198.10	ENSG00000196562.16	ENST00000371917.5	ENST00000698128.1	downstream	downstream	duplicates(46),mismappers(2),mismatches(2)	GGAGGTGAAGCGGCCCCAGCACTCCCAGCTGCGCAGGGCCTGCCAGGTGGCGCTCG|GTTCCATGCAGGTGATGAACAAGACCCGGCGCATCATGGAGCAGGGCGGGa	EVKRPQHSQLRRACQVAL|gSMQVMNKTRRIMEQGG	SRR12576403.12047509,SRR12576403.12163033,SRR12576403.1305092,SRR12576403.15352433,SRR12576403.17017886,SRR12576403.185495,SRR12576403.18618377,SRR12576403.19712815,SRR12576403.203876,SRR12576403.21716509,SRR12576403.21889224,SRR12576403.24538606,SRR12576403.25233678,SRR12576403.26727002,SRR12576403.27931728,SRR12576403.2809142,SRR12576403.30452462,SRR12576403.32164063,SRR12576403.32215068,SRR12576403.32528624,SRR12576403.33836982,SRR12576403.3999652,SRR12576403.4277028,SRR12576403.4290203,SRR12576403.5211216,SRR12576403.5217981,SRR12576403.555029,SRR12576403.6481109,SRR12576403.6581588,SRR12576403.7137796,SRR12576403.7740384,SRR12576403.7829822,SRR12576403.10065962,SRR12576403.11941856,SRR12576403.12785335,SRR12576403.1623817,SRR12576403.16486096,SRR12576403.16787220,SRR12576403.16815242,SRR12576403.17187515,SRR12576403.18668450,SRR12576403.2033502,SRR12576403.21548269,SRR12576403.21812496,SRR12576403.21872487,SRR12576403.22641148,SRR12576403.24209119,SRR12576403.24259022,SRR12576403.25343321,SRR12576403.25962268,SRR12576403.26129005,SRR12576403.26737944,SRR12576403.26914440,SRR12576403.27751315,SRR12576403.28323513,SRR12576403.30044577,SRR12576403.30461255,SRR12576403.30750535,SRR12576403.32580831,SRR12576403.32648614,SRR12576403.32914057,SRR12576403.4375148,SRR12576403.5144814,SRR12576403.5161073,SRR12576403.5518457,SRR12576403.6577701,SRR12576403.7737903,SRR12576403.7905859,SRR12576403.8419134,SRR12576403.8956978,SRR12576403.9031190,SRR12576403.9736092
NCOA3	ENSG00000270342(36653),ENSG00000270976(198826)	+/+	./+	chr20:47502019	chr1:106581397	5'UTR/splice-site	intergenic	translocation	8	5	0	200	59	high	.	.	.	.	.	ENSG00000124151.19	.	ENST00000371998.8	.	downstream	upstream	duplicates(6),mismatches(1)	CGGCGAGTTTCCGATTTAAAGCTGAGCTGCGAGGAAAATGGCGGCGGGAG|GTTAGCCACCCAGTAGAGCTACTGAGTTCCATCCTGGTACTGGGGAATGTCTA	.	SRR12576403.11862764,SRR12576403.15960159,SRR12576403.20838168,SRR12576403.297021,SRR12576403.5336017,SRR12576403.7716995,SRR12576403.14002740,SRR12576403.14838369,SRR12576403.23286704,SRR12576403.24847144,SRR12576403.26593901,SRR12576403.29287249,SRR12576403.29326665,SRR12576403.30138830,SRR12576403.30957295,SRR12576403.31438824,SRR12576403.33870836,SRR12576403.4202229,SRR12576403.5114503,SRR12576403.6387053
USP32	PPM1D	-/-	+/-	chr17:60265412	chr17:60602618	CDS/splice-site	intron	duplication/5'-5'	5	8	0	395	100	high	out-of-frame	.	EF_hand(100%)|	.	.	ENSG00000170832.13	ENSG00000170836.13	ENST00000300896.9	.	upstream	downstream	duplicates(15),mismappers(1),mismatches(1)	ATCTCTCTGATATTGTAGAAGGCATACTGAATGCACATGACACCACAAAG|CATGGCCCCTGCTTTATTAAAAAATGTTCCTGAAGGTCCGGCAGGGTAGCTCA	LSDIVEGILNAHDTTK|hgpcfikkcs*	SRR12576403.10077748,SRR12576403.13747947,SRR12576403.15092704,SRR12576403.16248531,SRR12576403.16606140,SRR12576403.20095920,SRR12576403.22811786,SRR12576403.23916068,SRR12576403.24436668,SRR12576403.25420255,SRR12576403.31427013,SRR12576403.6472353,SRR12576403.6782144,SRR12576403.7750422,SRR12576403.8564499,SRR12576403.9892410,SRR12576403.10657152,SRR12576403.15687058,SRR12576403.16554875,SRR12576403.18229118,SRR12576403.18479495,SRR12576403.18679293,SRR12576403.20318436,SRR12576403.25051509,SRR12576403.31086514,SRR12576403.33481695,SRR12576403.33787220,SRR12576403.4720969,SRR12576403.6563665,SRR12576403.8627141
NCOA3	ENSG00000270342(205547),ENSG00000270976(29932)	+/+	./+	chr20:47502019	chr1:106750291	5'UTR/splice-site	intergenic	translocation	5	5	0	200	181	high	.	.	.	.	.	ENSG00000124151.19	.	ENST00000371998.8	.	downstream	upstream	duplicates(5)	GAGCGGCGAGTTTCCGATTTAAAGCTGAGCTGCGAGGAAAATGGCGGCGGGAG|GTCCCACGTGTTTCAATGGACATTTGTCTCCATCATAGCCACATCACA	.	SRR12576403.12615656,SRR12576403.12633830,SRR12576403.13777950,SRR12576403.14219085,SRR12576403.27049850,SRR12576403.31629713,SRR12576403.11413185,SRR12576403.15668430,SRR12576403.18584206,SRR12576403.23029332,SRR12576403.28896670,SRR12576403.30102598,SRR12576403.3017356,SRR12576403.31192185,SRR12576403.32697759
ATP11B	CCDC170	+/+	+/+	chr3:182793786	chr6:151544572	CDS/splice-site	CDS/splice-site	translocation	3	7	0	82	56	high	out-of-frame	.	.	.	.	ENSG00000058063.16	ENSG00000120262.10	ENST00000323116.10	ENST00000239374.8	downstream	upstream	duplicates(24),mismappers(2)	GGGACCCGGACGGCGACGACGGGGGAATGTGGCGCTGGATCCGGCAGCAGCTG|AAAGTGTTCAAAAGAAAATGAGGAGAATAAGAAACAAGTTTCAAAGAATTGCAG	MWRWIRQQL|kvfkrk*	SRR12576403.10036365,SRR12576403.1018092,SRR12576403.11963743,SRR12576403.13365955,SRR12576403.14270773,SRR12576403.15432935,SRR12576403.15643138,SRR12576403.16845656,SRR12576403.17216013,SRR12576403.18662894,SRR12576403.19291015,SRR12576403.19578424,SRR12576403.23493372,SRR12576403.23787822,SRR12576403.27344852,SRR12576403.27346084,SRR12576403.27480160,SRR12576403.32001313,SRR12576403.33656438,SRR12576403.488725,SRR12576403.6886846,SRR12576403.6887388,SRR12576403.7089299,SRR12576403.15331699,SRR12576403.20976879,SRR12576403.24922783,SRR12576403.25735420,SRR12576403.27548800,SRR12576403.27853232,SRR12576403.28237837,SRR12576403.31575256,SRR12576403.32057402,SRR12576403.32684214,SRR12576403.6076662,SRR12576403.7434641,SRR12576403.7663989
ATP11B	CCDC170	+/+	+/+	chr3:182793786	chr6:151573174	CDS/splice-site	CDS/splice-site	translocation	2	0	0	82	85	low	in-frame	.	.	.	.	ENSG00000058063.16	ENSG00000120262.10	ENST00000323116.10	ENST00000239374.8	downstream	upstream	.	CCGCGGGACCCGGACGGCGACGACGGGGGAATGTGGCGCTGGATCCGGCAGCAGCTG|GACCTGCTCAGTGCTGTAGAAcCAAAAGAAGC	MWRWIRQQL|DLLSAVEpKE	SRR12576403.6090522,SRR12576403.7806099
GATAD2B	NUP210L	-/-	-/-	chr1:153922733	chr1:154027597	5'UTR/splice-site	CDS/splice-site	duplication	4	5	0	54	59	high	.	.	.	.	.	ENSG00000143614.11	ENSG00000143552.10	ENST00000368655.5	ENST00000271854.3	upstream	downstream	duplicates(2)	CGCCGCCGCCTGAGGAGGCGAGCTAGCCGGGAGTTACACCGCCACCGCCAG|GTGTTTGAAAAACTCCAACTCTTCTATCCAGAGTGCCAACCAGAGCAGAT	.	SRR12576403.13645341,SRR12576403.13710682,SRR12576403.15591752,SRR12576403.17161399,SRR12576403.22205386,SRR12576403.25685407,SRR12576403.19031992,SRR12576403.22113451,SRR12576403.31556250,SRR12576403.4435331,SRR12576403.9455599
GATAD2B	NUP210L	-/-	-/-	chr1:153922733	chr1:154030054	5'UTR/splice-site	CDS/splice-site	duplication	3	2	0	54	18	high	.	.	.	.	.	ENSG00000143614.11	ENSG00000143552.10	ENST00000368655.5	ENST00000271854.3	upstream	downstream	duplicates(1)	GAGGAGGCGAGCTAGCCGGGAGTTACACCGCCACCGCCAG|GTTTTTCTACAGCTCCCAGTAGAGCATAACTTTGCCATGGTTGTC	.	SRR12576403.10254660,SRR12576403.2055398,SRR12576403.33087243,SRR12576403.5592129,SRR12576403.14324427,SRR12576403.4028634
MGAT4A	CRACDL	-/-	-/-	chr2:98726239	chr2:98846810	CDS/splice-site	CDS/splice-site	duplication	4	4	0	56	35	high	out-of-frame	.	|Domain_of_unknown_function_(DUF4592)(100%)	.	.	ENSG00000071073.13	ENSG00000196872.12	ENST00000393487.6	ENST00000428096.5	upstream	downstream	duplicates(3)	ATTTATCACTTCCTTCCTTACTTTGTCTTGGTATACTACATGGCAAAATGGGAAAG|CGAGCTTGACATGATTTCCACAAGGGTGATGGACATTAAGCTTCGGGAGGCTG	FITSFLTLSWYTTWQNGK|aslt*	SRR12576403.12528081,SRR12576403.25451570,SRR12576403.29096099,SRR12576403.30921233,SRR12576403.4006874,SRR12576403.5282697,SRR12576403.21445908,SRR12576403.28877271,SRR12576403.33310599,SRR12576403.33814914,SRR12576403.3821222
CHEK2	ENSG00000226471	-/-	+/-	chr22:28724977	chr22:28810934	CDS/splice-site	intron	duplication/5'-5'	7	1	0	186	18	high	out-of-frame	.	FHA_domain(100%)|	.	.	ENSG00000183765.24	ENSG00000226471.7	ENST00000416671.5	.	upstream	downstream	mismatches(1)	CGCCGTCCTTTGAATAACAATTCTGAAATTGCACTGTCACTAAGCAGAAATAAAG|AAAGTGGTGGGCAGCCACAGGACCGAAGGAAACACCCGTCAACATAACCAAGAG	RRPLNNNSEIALSLSRNK|esggqpqdrrkhpst*	SRR12576403.10395689,SRR12576403.12561530,SRR12576403.29583285,SRR12576403.29873482,SRR12576403.4108595,SRR12576403.4189117,SRR12576403.9736005,SRR12576403.11644684,SRR12576403.6941953
SMARCA4	CARM1	+/+	+/+	chr19:10986593	chr19:10904951	CDS/splice-site	CDS/splice-site	duplication	4	4	0	144	63	high	in-frame	.	QLQ(100%)|Coactivator-associated_arginine_methyltransferase_1_N_terminal(58%),Ribosomal_protein_L11_methyltransferase_(PrmA)(100%)	.	.	ENSG00000127616.22	ENSG00000142453.13	ENST00000644737.1	ENST00000327064.9	downstream	upstream	duplicates(4),mismatches(1)	GGCCCCGGCCCGGGTCCCGGCCCGGCACCTCCAAATTACAGCAGGCCTCATG|ATGAAGATGTGTGTGTCTTTAAGTGCTCAGTGTCCCGAGAGACAGAGTGCAGCCGTG	GPGPGPGPAPPNYSRPH|dEDVCVFKCSVSRETECSR	SRR12576403.18034329,SRR12576403.1975050,SRR12576403.24618600,SRR12576403.27534712,SRR12576403.28821044,SRR12576403.5780749,SRR12576403.10780989,SRR12576403.11514756,SRR12576403.13001024,SRR12576403.17693959,SRR12576403.30180942,SRR12576403.7501777,SRR12576403.9239279
EWSR1	TTC28	+/+	-/+	chr22:29292606	chr22:28581643	CDS/splice-site	intron	duplication/5'-5'	5	2	0	524	41	high	out-of-frame	.	RNA_recognition_motif._(a.k.a._RRM__RBD__or_RNP_domain)(32%)|	.	.	ENSG00000182944.18	ENSG00000100154.15	ENST00000629659.2	.	downstream	upstream	duplicates(2)	AGTGTGACTCTAGATGATCTGGCAGACTTCTTTAAGCAGTGTGGGGTTGTTAAG|ATATCATTGCAAGAATATTTCTTCCCTCTTTGGGAGGCCAAGATGG	SVTLDDLADFFKQCGVVK|islqeyffplweakm	SRR12576403.21660698,SRR12576403.29801685,SRR12576403.22736982,SRR12576403.28534887,SRR12576403.28758920,SRR12576403.28989445,SRR12576403.3758364,SRR12576403.491667,SRR12576403.5253528
LINC00887	AK9	-/-	-/-	chr3:194312601	chr6:109529073	exon/splice-site	CDS/splice-site	translocation	4	1	0	58	6	high	.	.	|Adenylate_kinase(43%)	.	.	ENSG00000214145.8	ENSG00000155085.16	ENST00000456816.6	ENST00000424296.7	upstream	downstream	.	TGAGAGAGAACTGATGCGCAGGAGGCTGAAATTGTCTGAAGTCACACAGCAG|GTTGATACGATTGCTAAAAGAAGGGCTGAACTTATATTAGAGAGAGATAAAAA	.	SRR12576403.13314992,SRR12576403.24522200,SRR12576403.730689,SRR12576403.8439099,SRR12576403.8407448
TANGO2	GNB1L	+/+	-/+	chr22:20043443	chr22:19840895	CDS/splice-site	intron	duplication/5'-5'	4	1	0	64	15	high	out-of-frame	.	Transport_and_Golgi_organisation_2(19%)|	.	.	ENSG00000183597.16	ENSG00000185838.14	ENST00000401886.5	.	downstream	upstream	duplicates(4)	CGACCCTCCAAGTTAGCTGACTTCTGGGGGAACAACAACGAGATCCTCAGTG|CTCAGTCTAATCGTGAGAAGAACACAACAAATCCCGGTGGAGGAAC	RPSKLADFWGNNNEILS|aqsnreknttnpggg	SRR12576403.22825966,SRR12576403.3143294,SRR12576403.1309760,SRR12576403.13468377,SRR12576403.20725942,SRR12576403.22745781,SRR12576403.29906386,SRR12576403.33690336,SRR12576403.428195
ATP9A	RNU7-92P(41182),ENSG00000234967(5192)	-/-	./+	chr20:51639343	chr20:47945605	CDS/splice-site	intergenic	inversion	4	1	0	123	14	high	out-of-frame	.	Cation_transport_ATPase_(P-type)(81%),E1-E2_ATPase(100%),Phospholipid-translocating_ATPase_N-terminal(100%)|	.	.	ENSG00000054793.14	.	ENST00000338821.6	.	upstream	upstream	duplicates(6)	ATCTTCCCTTTCACCTATGAAAGCAAACGTATGGGCATCATCGTGCGG|GTGTGTGAAGCTGCCTACGGAGTACCAGAGAGGAAGATGGGAATAAAAG	IFPFTYESKRMGIIVR|vceaaygvperkmgik	SRR12576403.1335154,SRR12576403.2789347,SRR12576403.12850907,SRR12576403.13378423,SRR12576403.183456,SRR12576403.21013682,SRR12576403.21845396,SRR12576403.24821712,SRR12576403.25870234,SRR12576403.27830414,SRR12576403.32694109
ARFGEF3	IGF2BP2	+/+	-/-	chr6:138245591	chr3:185698347	CDS/splice-site	CDS/splice-site	translocation	3	1	0	56	12	high	in-frame	.	Dimerisation_and_cyclophilin-binding_domain_of_Mon2(100%)|KH_domain(100%),RNA_recognition_motif._(a.k.a._RRM__RBD__or_RNP_domain)(54%)	.	.	ENSG00000112379.9	ENSG00000073792.16	ENST00000251691.5	ENST00000382199.7	downstream	downstream	.	TGATGTTGTCTCTGTACTCACCGTCCTGTGTGAGAAGCTGCAAGCCGCCATAAA|GAGCAGGAAAATTCAGATTCGAAACATCCCTCCTCACCTGCAGTGGG	DVVSVLTVLCEKLQAAIk|SRKIQIRNIPPHLQW	SRR12576403.161293,SRR12576403.15477545,SRR12576403.33289943,SRR12576403.9740959
DENND2C	ENSG00000287886	-/-	+/+	chr1:114618386	chr20:53740404	CDS/splice-site	exon/splice-site	translocation	3	1	0	12	6	high	out-of-frame	.	.	.	.	ENSG00000175984.16	ENSG00000287886.1	ENST00000393276.7	ENST00000663196.1	upstream	upstream	duplicates(1)	GAAGGTAAAGTTACATTCTTACACTGGAAAGGAATTACCTCCGACAAAAG|TGTGTACAGCAAATTTCTGTTGTGCCTGGGAAGAAGGAAATTTG	KVKLHSYTGKELPPTK|vctanfccaweegn	SRR12576403.1594748,SRR12576403.1990725,SRR12576403.2460822,SRR12576403.30885867,SRR12576403.9295283
DUSP7	WDR82P2	-/-	-/-	chr3:52053940	chr1:91535348	CDS/splice-site	exon	translocation	3	1	0	9	9	high	out-of-frame	.	Dual_specificity_phosphatase__catalytic_domain(45%),Rhodanese-like_domain(100%)|	.	.	ENSG00000164086.10	ENSG00000241318.3	ENST00000495880.2	ENST00000444540.3	upstream	downstream	duplicates(1),mismatches(1)	CCACTGGAGCCAGAACCTCTCCCAGTTCTTCCCTGAGGCCATCAGCTTCATTG|ATACTATTCGTTACTTGTCCTTGCATGACAACAAATACATCAGATACTTTCC	HWSQNLSQFFPEAISFI|dtirylslhdnkyiryf	SRR12576403.11136914,SRR12576403.25252823,SRR12576403.23760730,SRR12576403.30208741,SRR12576403.33733490,SRR12576403.6267243
DEPDC1B	ELOVL7	-/-	-/-	chr5:60638750	chr5:60757645	CDS/splice-site	CDS/splice-site	duplication	3	1	0	40	26	high	in-frame	.	Domain_found_in_Dishevelled__Egl-10__and_Pleckstrin_(DEP)(100%),RhoGAP_domain(40%)|GNS1/SUR4_family(41%)	.	.	ENSG00000035499.13	ENSG00000164181.14	ENST00000265036.10	ENST00000425382.5	upstream	downstream	duplicates(2)	TCTACTTACATTTCATCTTTTTGATGCTTTTGTCAGTGTACTGG|GTGGTTTGGGAACATTCCATGCCCTTCTAAATACAGCTG	LLTFHLFDAFVSVL|gGLGTFHALLNTA	SRR12576403.12220880,SRR12576403.2897384,SRR12576403.32954995,SRR12576403.660895,SRR12576403.7846681,SRR12576403.20644791
DEPDC1B	ELOVL7	-/-	-/-	chr5:60686962	chr5:60757645	CDS/splice-site	CDS/splice-site	duplication	1	0	0	62	26	low	out-of-frame	.	Domain_found_in_Dishevelled__Egl-10__and_Pleckstrin_(DEP)(98%)|GNS1/SUR4_family(41%)	.	.	ENSG00000035499.13	ENSG00000164181.14	ENST00000265036.10	ENST00000425382.5	upstream	downstream	.	ATGGGGTGAGGAAGATTTTGAAGACAATCGTCACTTATACAG|GTGGTTTGGGAACATTCCATGCCCTTCTAAAT	WGEEDFEDNRHLYr|wfgnipcpsk	SRR12576403.14600064
ATXN7	ENSG00000237480(68546),ENSG00000270342(351232)	+/+	./+	chr3:63913225	chr1:106193110	CDS/splice-site	intergenic	translocation	2	1	0	186	3	high	out-of-frame	.	.	.	.	ENSG00000163635.20	.	ENST00000674280.1	.	downstream	upstream	.	GTTTCAAGGAGTTTGGGAAAAACCGCGAAGTCATGGGGCTCTGTCGGGAAG|CAACGCCCTGCCAGAGCTATCAAGCCAGGAGCACCTCAGCAACTCCCA	FKEFGKNREVMGLCRE|atpcqsyqarstsatp	SRR12576403.26793984,SRR12576403.21029430,SRR12576403.6558132
GPR157	H6PD	-/-	+/-	chr1:9111276	chr1:9238594	CDS/splice-site	intron	duplication/5'-5'	2	1	0	41	4	high	out-of-frame	.	7_transmembrane_receptor_(Secretin_family)(71%)|	.	.	ENSG00000180758.12	ENSG00000049239.13	ENST00000377411.5	.	upstream	downstream	.	ATGTGCTGCTGCCTCTGCTGTACCTCCTGGTCCGGAAGCACATCAACAGAGCG|GTGTTCAGACCCAGAAACCTTGAGGTCATCGTATCTGTCAGCAAATCCTGTA	VLLPLLYLLVRKHINRA|vfrprnlevivsvsksc	SRR12576403.31721596,SRR12576403.893460,SRR12576403.20766073
ZNF217	NCOA3	-/-	+/-	chr20:53597631	chr20:47636571	exon/splice-site	CDS	deletion/5'-5'	1	1	0	8	259	high	.	.	.	.	.	ENSG00000171940.14	ENSG00000124151.19	ENST00000540425.1	.	upstream	downstream	duplicates(1)	AGAGTTATCAGGTTCCAGACCCTGCCTTCTCTTCTGAAAG|GACTTAGCTGCTCCTGCTTGACAACATTTCCGTCCCCA	.	SRR12576403.8532068,SRR12576403.26639660,SRR12576403.975489
BCAS3	BCAS4	+/-	+/-	chr17:61368327	chr20:50795173	CDS	CDS	translocation	9	17	0	1556	555	medium	.	.	.	.	.	ENSG00000141376.24	ENSG00000124243.19	.	.	upstream	downstream	duplicates(346),mismappers(1),mismatches(2)	CAGCTCCCGCACACCTCCAGCAGGGTCACGCTCCTGTCAAAGGTAC|CTCGGCCCCAGGaTCGGGGGTCAGGAAGAGCGCGAGCTCGCGCGCCCCGCTGCGC	.	SRR12576403.10250762,SRR12576403.10341579,SRR12576403.10497502,SRR12576403.10642114,SRR12576403.10734182,SRR12576403.10742196,SRR12576403.10743651,SRR12576403.1084876,SRR12576403.1087372,SRR12576403.10913494,SRR12576403.11111218,SRR12576403.11262795,SRR12576403.11383918,SRR12576403.11598601,SRR12576403.11827874,SRR12576403.1193804,SRR12576403.1197534,SRR12576403.12089188,SRR12576403.12203851,SRR12576403.122225,SRR12576403.12233080,SRR12576403.12315618,SRR12576403.12445177,SRR12576403.12447434,SRR12576403.12477942,SRR12576403.12552776,SRR12576403.1272391,SRR12576403.13039796,SRR12576403.13066765,SRR12576403.13142058,SRR12576403.13300250,SRR12576403.13686349,SRR12576403.13781609,SRR12576403.13805161,SRR12576403.14012850,SRR12576403.14037938,SRR12576403.14255824,SRR12576403.14260741,SRR12576403.14319204,SRR12576403.14381969,SRR12576403.14520059,SRR12576403.14648280,SRR12576403.14759197,SRR12576403.14766317,SRR12576403.14791532,SRR12576403.14795165,SRR12576403.14801425,SRR12576403.14903539,SRR12576403.15176933,SRR12576403.15251221,SRR12576403.15268204,SRR12576403.15381275,SRR12576403.15456154,SRR12576403.15917048,SRR12576403.15934463,SRR12576403.15949055,SRR12576403.16049745,SRR12576403.16116459,SRR12576403.16518292,SRR12576403.16545709,SRR12576403.16665777,SRR12576403.16709745,SRR12576403.16710216,SRR12576403.16795885,SRR12576403.16877624,SRR12576403.16879916,SRR12576403.16935532,SRR12576403.17003395,SRR12576403.17033194,SRR12576403.17092896,SRR12576403.17094024,SRR12576403.1720510,SRR12576403.17636278,SRR12576403.17681225,SRR12576403.17711999,SRR12576403.17773596,SRR12576403.17807694,SRR12576403.17980964,SRR12576403.18024703,SRR12576403.18061078,SRR12576403.18111468,SRR12576403.18240068,SRR12576403.183016,SRR12576403.18406448,SRR12576403.18439127,SRR12576403.18440853,SRR12576403.18567685,SRR12576403.18889158,SRR12576403.19034337,SRR12576403.19154651,SRR12576403.19177868,SRR12576403.19189005,SRR12576403.19297495,SRR12576403.19318070,SRR12576403.19734354,SRR12576403.20093082,SRR12576403.20183515,SRR12576403.20435839,SRR12576403.20443845,SRR12576403.20532018,SRR12576403.20873284,SRR12576403.20924293,SRR12576403.20960242,SRR12576403.21203165,SRR12576403.21219695,SRR12576403.21272389,SRR12576403.21434562,SRR12576403.21729526,SRR12576403.21745075,SRR12576403.21755430,SRR12576403.21806544,SRR12576403.2185314,SRR12576403.21957259,SRR12576403.22114451,SRR12576403.22219717,SRR12576403.22261456,SRR12576403.22417589,SRR12576403.22847271,SRR12576403.22870345,SRR12576403.23034445,SRR12576403.23166243,SRR12576403.2338559,SRR12576403.23394562,SRR12576403.23558096,SRR12576403.23678104,SRR12576403.24008588,SRR12576403.24544490,SRR12576403.24659976,SRR12576403.24679923,SRR12576403.25053421,SRR12576403.25184942,SRR12576403.25192769,SRR12576403.25200951,SRR12576403.25470154,SRR12576403.25476714,SRR12576403.25488972,SRR12576403.25511611,SRR12576403.2568587,SRR12576403.25927405,SRR12576403.26576578,SRR12576403.26957901,SRR12576403.27077675,SRR12576403.27275187,SRR12576403.27327725,SRR12576403.27550381,SRR12576403.27584963,SRR12576403.27597208,SRR12576403.27715374,SRR12576403.27797387,SRR12576403.27869968,SRR12576403.27872869,SRR12576403.27940817,SRR12576403.27944082,SRR12576403.27966921,SRR12576403.2802247,SRR12576403.28202359,SRR12576403.28305820,SRR12576403.28577135,SRR12576403.29051445,SRR12576403.29306660,SRR12576403.29331522,SRR12576403.2936258,SRR12576403.29419615,SRR12576403.29690109,SRR12576403.29719414,SRR12576403.29807644,SRR12576403.29899977,SRR12576403.2992896,SRR12576403.29937327,SRR12576403.29978593,SRR12576403.30143264,SRR12576403.30146567,SRR12576403.30553093,SRR12576403.30675795,SRR12576403.30707768,SRR12576403.30777557,SRR12576403.31141065,SRR12576403.3129443,SRR12576403.31543254,SRR12576403.31662569,SRR12576403.3179625,SRR12576403.32306309,SRR12576403.3249826,SRR12576403.32559432,SRR12576403.32561213,SRR12576403.32659131,SRR12576403.3284048,SRR12576403.33254489,SRR12576403.33573171,SRR12576403.3359802,SRR12576403.33598524,SRR12576403.33636360,SRR12576403.33733950,SRR12576403.33736850,SRR12576403.33861869,SRR12576403.3815335,SRR12576403.3949996,SRR12576403.3998666,SRR12576403.4027477,SRR12576403.4113093,SRR12576403.4121853,SRR12576403.4181920,SRR12576403.4251184,SRR12576403.4362799,SRR12576403.4477780,SRR12576403.4550070,SRR12576403.4863520,SRR12576403.5024334,SRR12576403.5893481,SRR12576403.6076888,SRR12576403.6107816,SRR12576403.6111500,SRR12576403.6386398,SRR12576403.6511458,SRR12576403.6601605,SRR12576403.6695191,SRR12576403.6831001,SRR12576403.7068305,SRR12576403.7270977,SRR12576403.7273740,SRR12576403.7380379,SRR12576403.7477161,SRR12576403.7633847,SRR12576403.7997223,SRR12576403.8017600,SRR12576403.8324212,SRR12576403.8835248,SRR12576403.9090822,SRR12576403.9148758,SRR12576403.924418,SRR12576403.9247279,SRR12576403.9300129,SRR12576403.9365524,SRR12576403.969172,SRR12576403.9761953,SRR12576403.9928906,SRR12576403.9992534,SRR12576403.10156767,SRR12576403.10392298,SRR12576403.10409876,SRR12576403.10542726,SRR12576403.10710782,SRR12576403.11400619,SRR12576403.11695849,SRR12576403.12360642,SRR12576403.12478346,SRR12576403.12490606,SRR12576403.12994988,SRR12576403.13481935,SRR12576403.13616429,SRR12576403.14058663,SRR12576403.14244353,SRR12576403.14248625,SRR12576403.14258921,SRR12576403.14277118,SRR12576403.14516864,SRR12576403.14876510,SRR12576403.1513632,SRR12576403.15139034,SRR12576403.15438249,SRR12576403.15764849,SRR12576403.16036582,SRR12576403.16072535,SRR12576403.16344710,SRR12576403.16347744,SRR12576403.16500989,SRR12576403.17169172,SRR12576403.17421669,SRR12576403.17528107,SRR12576403.17828920,SRR12576403.17860842,SRR12576403.18060066,SRR12576403.18122863,SRR12576403.18192319,SRR12576403.18230910,SRR12576403.18839970,SRR12576403.19220659,SRR12576403.19520669,SRR12576403.19541687,SRR12576403.19610250,SRR12576403.20182182,SRR12576403.20340110,SRR12576403.20475326,SRR12576403.20915300,SRR12576403.21003088,SRR12576403.2113003,SRR12576403.21267498,SRR12576403.21613004,SRR12576403.21744638,SRR12576403.21786848,SRR12576403.22207708,SRR12576403.23350900,SRR12576403.2346068,SRR12576403.23507744,SRR12576403.23515319,SRR12576403.24040705,SRR12576403.24258379,SRR12576403.24341495,SRR12576403.24481515,SRR12576403.24503706,SRR12576403.24915614,SRR12576403.25062541,SRR12576403.25201512,SRR12576403.25220563,SRR12576403.25334400,SRR12576403.25716586,SRR12576403.25897474,SRR12576403.25992782,SRR12576403.27410280,SRR12576403.27421953,SRR12576403.27830594,SRR12576403.28085365,SRR12576403.28195370,SRR12576403.28641575,SRR12576403.29202203,SRR12576403.29283759,SRR12576403.29376435,SRR12576403.29427810,SRR12576403.29661364,SRR12576403.3039060,SRR12576403.30556954,SRR12576403.30613192,SRR12576403.30674541,SRR12576403.30822475,SRR12576403.31081426,SRR12576403.31290272,SRR12576403.31481557,SRR12576403.31578140,SRR12576403.31608006,SRR12576403.31774852,SRR12576403.32183562,SRR12576403.3228863,SRR12576403.32937779,SRR12576403.33179818,SRR12576403.33258544,SRR12576403.3377580,SRR12576403.33789912,SRR12576403.33822083,SRR12576403.3413995,SRR12576403.3538151,SRR12576403.3778714,SRR12576403.4033522,SRR12576403.4261510,SRR12576403.479831,SRR12576403.4812638,SRR12576403.5259600,SRR12576403.531365,SRR12576403.5349112,SRR12576403.5476715,SRR12576403.5516230,SRR12576403.552063,SRR12576403.5631145,SRR12576403.5658591,SRR12576403.6238794,SRR12576403.6496408,SRR12576403.6519170,SRR12576403.6835285,SRR12576403.6934147,SRR12576403.7616922,SRR12576403.7929156,SRR12576403.7975378,SRR12576403.8357326,SRR12576403.8481487,SRR12576403.8576405,SRR12576403.8707555,SRR12576403.8787022,SRR12576403.887443,SRR12576403.9004283,SRR12576403.9051191,SRR12576403.9159979,SRR12576403.9276470,SRR12576403.9609441,SRR12576403.9877710,SRR12576403.9878089,SRR12576403.9888785
BCAS4	BCAS3	+/+	+/+	chr20:50795173	chr17:61353588	CDS/splice-site	exon/splice-site	translocation	7	0	0	555	17	medium	out-of-frame	.	.	.	.	ENSG00000124243.19	ENSG00000141376.24	ENST00000358791.9	ENST00000585812.5	downstream	upstream	duplicates(2),mismatches(2)	TGCGCAGCGGGGCGCGCGAGCTCGCGCTCTTCCTGACCCCCGAtCCTGGGGCCGAG|GGGTGTTGTGAGGATTCATGGAGCAAATGGCTGTGAA	RSGARELALFLTPdPGAE|gccedswskwl*	SRR12576403.11215022,SRR12576403.11745332,SRR12576403.1331529,SRR12576403.16126244,SRR12576403.20965173,SRR12576403.21194663,SRR12576403.2811042,SRR12576403.462961,SRR12576403.633663,SRR12576403.6554183,SRR12576403.7151698
BCAS4	BCAS3	+/+	+/+	chr20:50795173	chr17:61388618	CDS/splice-site	CDS/splice-site	translocation	1	0	0	555	231	low	out-of-frame	.	.	.	.	ENSG00000124243.19	ENSG00000141376.24	ENST00000358791.9	ENST00000589222.5	downstream	upstream	.	GCTCGCGCTCTTCCTGACCCCCGAtCCTGGGGCCGAG|GGAAAAAAAAAGGAAAAAAAAAACAATGCC	LALFLTPdPGAE|gkkkekknn	SRR12576403.2123663
ENSG00000237480(91741),ENSG00000270342(328037)	ATXN7	./-	+/-	chr1:106216305	chr3:63913225	intergenic	CDS	translocation	14	10	0	199	186	medium	.	.	.	.	.	.	ENSG00000163635.20	.	.	upstream	downstream	duplicates(26)	CTGGATTGTTTGAACACCTCCTTATTTCAGGATGTTGCATTTTTGGTACCTTAAC|CTTCCCGACAGAGCCCCATGACTTCGCGGTTTTTCCCAAACTCCTTGAAACTTTC	.	SRR12576403.11539040,SRR12576403.11837075,SRR12576403.12363867,SRR12576403.1317671,SRR12576403.13591525,SRR12576403.13660696,SRR12576403.14885292,SRR12576403.17084408,SRR12576403.17614438,SRR12576403.1837654,SRR12576403.18393809,SRR12576403.1933050,SRR12576403.20368138,SRR12576403.20760368,SRR12576403.20841250,SRR12576403.21249588,SRR12576403.21286594,SRR12576403.21575039,SRR12576403.22774281,SRR12576403.23921981,SRR12576403.24886606,SRR12576403.2505335,SRR12576403.27051219,SRR12576403.2808899,SRR12576403.30536381,SRR12576403.32025352,SRR12576403.3491093,SRR12576403.5337711,SRR12576403.5409449,SRR12576403.6143866,SRR12576403.9151167,SRR12576403.9416560,SRR12576403.10205069,SRR12576403.11727202,SRR12576403.13554596,SRR12576403.15972807,SRR12576403.17560134,SRR12576403.17757233,SRR12576403.19254952,SRR12576403.21515561,SRR12576403.21645083,SRR12576403.28696651,SRR12576403.29120965,SRR12576403.30158814,SRR12576403.30590471,SRR12576403.32897025,SRR12576403.33061708,SRR12576403.33465344,SRR12576403.33796400,SRR12576403.9051705
ZNF217	SULF2	-/-	-/+	chr20:53594107	chr20:47786405	intron	5'UTR	inversion/5'-5'	9	7	0	84	202	medium	.	.	.	.	.	ENSG00000171940.14	ENSG00000196562.16	.	.	upstream	upstream	duplicates(16)	CGCCTTTGCCCCCGTGCGCACCCCCGCCCCGCTCACCTTAGCCCCGCGCCCGAG|GACTCGCCCCGGTCTGCAAACACTCGACTGCCTTTGCCGAAAGCCTCGC	.	SRR12576403.11507564,SRR12576403.12540229,SRR12576403.13242774,SRR12576403.20428271,SRR12576403.21529088,SRR12576403.23730614,SRR12576403.28637107,SRR12576403.28706991,SRR12576403.28749181,SRR12576403.31263918,SRR12576403.3174130,SRR12576403.3392527,SRR12576403.12617207,SRR12576403.12858607,SRR12576403.14946517,SRR12576403.15727121,SRR12576403.20859503,SRR12576403.22921926,SRR12576403.24079369,SRR12576403.25351013,SRR12576403.26656012,SRR12576403.28214417,SRR12576403.29932637,SRR12576403.33670819,SRR12576403.4493184,SRR12576403.4775524,SRR12576403.5069228,SRR12576403.6439499,SRR12576403.8993166,SRR12576403.9178265,SRR12576403.9653576,SRR12576403.9697175
TTC6	FOXA1	+/+	-/+	chr14:37715506	chr14:37592330	intron	CDS	duplication/5'-5'	11	5	0	243	560	medium	.	.	.	.	.	ENSG00000139865.17	ENSG00000129514.8	.	.	downstream	upstream	duplicates(33)	CTGAAAATGAAAGATAAAGAAAAACCAAACATCAATCTAAGAAAAGTGGGAAT|GGCTGCGGCCCAGGTTGGACGGCGCGTACGCCATGGGGCTCATGCACGGGTTC	.	SRR12576403.21842529,SRR12576403.24492726,SRR12576403.25778022,SRR12576403.33027667,SRR12576403.33613799,SRR12576403.33805852,SRR12576403.5875457,SRR12576403.11313116,SRR12576403.11636922,SRR12576403.11793092,SRR12576403.12234210,SRR12576403.12619026,SRR12576403.13758568,SRR12576403.14054851,SRR12576403.14431137,SRR12576403.14442108,SRR12576403.16280866,SRR12576403.1681863,SRR12576403.18282876,SRR12576403.19112746,SRR12576403.19509942,SRR12576403.20078264,SRR12576403.20374878,SRR12576403.21067129,SRR12576403.21704299,SRR12576403.2377146,SRR12576403.24338583,SRR12576403.25930484,SRR12576403.26133605,SRR12576403.26720804,SRR12576403.27600166,SRR12576403.28678552,SRR12576403.29212987,SRR12576403.29831929,SRR12576403.31537222,SRR12576403.32136690,SRR12576403.32905870,SRR12576403.32951073,SRR12576403.33044041,SRR12576403.33453777,SRR12576403.33623062,SRR12576403.4493052,SRR12576403.5215977,SRR12576403.7165721,SRR12576403.7170940,SRR12576403.8146078,SRR12576403.8300827,SRR12576403.8923471,SRR12576403.9874339
ENSG00000275734	CHMP1A	+/+	-/+	chr16:89673400	chr16:89651569	intron	CDS	duplication/5'-5'	10	6	0	88	365	medium	.	.	.	.	.	ENSG00000275734.2	ENSG00000131165.16	.	.	downstream	upstream	duplicates(19)	TTCTGGTTTGAAATTTGTGTTACTTTTGAAATATCAGCAGTTTGTCCCGG|CTTCTTCACTTTGGCCTGCTCCGCCTTGGAGTCCTTCTCCGCCTTCTTG	.	SRR12576403.11815817,SRR12576403.13109167,SRR12576403.13185285,SRR12576403.13522451,SRR12576403.17621641,SRR12576403.1949992,SRR12576403.19519075,SRR12576403.19902670,SRR12576403.22555217,SRR12576403.23353766,SRR12576403.23569724,SRR12576403.25652041,SRR12576403.32832224,SRR12576403.3382045,SRR12576403.6709303,SRR12576403.13643002,SRR12576403.13979777,SRR12576403.14883401,SRR12576403.14960946,SRR12576403.22543752,SRR12576403.22988156,SRR12576403.2449218,SRR12576403.25036225,SRR12576403.27171357,SRR12576403.28412330,SRR12576403.29155694,SRR12576403.30108470,SRR12576403.30203047,SRR12576403.30599864,SRR12576403.3961371,SRR12576403.4729227,SRR12576403.498624,SRR12576403.538231,SRR12576403.6237356,SRR12576403.6931675
MSI1	GCN1	-/+	-/+	chr12:120347514	chr12:120190298	CDS	CDS	duplication	6	7	0	46	109	medium	.	.	.	.	.	ENSG00000135097.7	ENSG00000089154.11	.	.	downstream	upstream	duplicates(12)	CCGCTGCCGCCGCTGCCGCCGCCATTGGTCCGTAGGCAGTGAGAGGAATGG|CTTTTCCAGCAACACACTTCCCAAGTTCACTGAGGATTTCTCTCCGTTCCT	.	SRR12576403.11211525,SRR12576403.16256821,SRR12576403.17871360,SRR12576403.20131143,SRR12576403.20679245,SRR12576403.22556381,SRR12576403.2284217,SRR12576403.31951487,SRR12576403.4083678,SRR12576403.7329221,SRR12576403.9198137,SRR12576403.10809865,SRR12576403.14175323,SRR12576403.14331881,SRR12576403.17298622,SRR12576403.21711323,SRR12576403.24475677,SRR12576403.24633245,SRR12576403.27155989,SRR12576403.27585849,SRR12576403.2884069,SRR12576403.31335140,SRR12576403.31471187,SRR12576403.3555070,SRR12576403.7817695
ENSG00000229425	NRIP1	-/+	-/+	chr21:15400549	chr21:15064745	exon	5'UTR	duplication	8	4	0	46	68	medium	.	.	.	.	.	ENSG00000229425.5	ENSG00000180530.11	.	.	downstream	upstream	duplicates(5),mismatches(1)	CAAGGCTTTACTCTGGTATGAGTTTGAAGATACTGGTCGCCACCACAGGGAGT|CCCAGGCCGCCGCGGCTCCCAGCCTCCGGCTCCGTCAGGCTCGGTCCGCGAAGG	.	SRR12576403.1117158,SRR12576403.11691396,SRR12576403.13031956,SRR12576403.17070716,SRR12576403.26554176,SRR12576403.3159215,SRR12576403.8878376,SRR12576403.13830593,SRR12576403.16599705,SRR12576403.16870322,SRR12576403.22356051,SRR12576403.27664768,SRR12576403.27935568,SRR12576403.32520276,SRR12576403.32669515,SRR12576403.3623456,SRR12576403.4119004,SRR12576403.6236095
NRIP1	ENSG00000229425	-/-	-/-	chr21:15064745	chr21:15405929	5'UTR/splice-site	exon/splice-site	duplication	1	0	0	68	1	low	.	.	.	.	.	ENSG00000180530.11	ENSG00000229425.5	ENST00000318948.7	ENST00000654045.1	upstream	downstream	.	GAGCCTGACGGAGCCGGAGGCTGGGAGCCGCGGCGGCCTGGG|GAAAAGTGTTGTCATTTGAACGTCAAGGGTTTC	.	SRR12576403.1331427
TPX2	NBN	+/+	-/+	chr20:31782041	chr8:89978228	intron	CDS	translocation/5'-5'	5	3	0	14	166	medium	.	.	Aurora-A_binding_(100%)|	.	.	ENSG00000088325.16	ENSG00000104320.15	.	.	downstream	upstream	duplicates(1)	CAGACATGGATGGATTTTCAGTTCAGAAGATGACAGTAGAGTTTACCCAAAGGC|TTGTGGAGGCTGCTTCTTGGACTCAACTGCTTTCAGGAATTCAGTAAAATATTCTG	.	SRR12576403.151735,SRR12576403.25510313,SRR12576403.9779195,SRR12576403.17769674,SRR12576403.28066556,SRR12576403.32753830,SRR12576403.4445789
SLC2A10(4301),RN7SKP33(118685)	DDX42	./-	+/-	chr20:46740648	chr17:63805175	intergenic	CDS	translocation	5	2	0	22	176	medium	.	.	.	.	.	.	ENSG00000198231.14	.	.	upstream	downstream	duplicates(1)	CTTGTCTTTGTCTTCATGGTGAAAGCTGACCACCATATACCCACCCTGGC|CCGAAGATTGAGCTTATGCCGGAGATCTATTAACTGCTGTGGAGTGAGGTTGGT	.	SRR12576403.18533187,SRR12576403.21996793,SRR12576403.16632536,SRR12576403.17611765,SRR12576403.24913689,SRR12576403.26934627,SRR12576403.7703864,SRR12576403.9633889
ENSG00000224738	VMP1	+/+	+/+	chr17:59107591	chr17:59838295	exon/splice-site	CDS/splice-site	deletion	5	0	0	119	383	medium	.	.	.	.	.	ENSG00000224738.2	ENSG00000062716.13	ENST00000451775.2	ENST00000262291.9	downstream	upstream	duplicates(2)	GGGATCTGCTTTCTACAGTTTCCTGCCAGATGTGTAAAGATTGCAAGAATTGAAG|TGCTGTCCCCGGCATAGGTCCATCTCTGCAGAAGCC	.	SRR12576403.15284947,SRR12576403.15321268,SRR12576403.17410998,SRR12576403.26195998,SRR12576403.26542083,SRR12576403.29197431,SRR12576403.30330172
FAM171A2	ATXN7L3	-/+	-/+	chr17:44356588	chr17:44198020	CDS	CDS	duplication	4	1	0	31	43	medium	.	.	.	.	.	ENSG00000161682.15	ENSG00000087152.16	.	.	downstream	upstream	duplicates(6)	GCAGGCGGGCAGCCCGGCGCTGGAACTGCACCAAGGGCTGGGAGCGGGCAC|CTCTAGTTTGCTGTTATCCAGGCCAGACAAAGACATTTCCTCCATTTTC	.	SRR12576403.12965332,SRR12576403.13280411,SRR12576403.13367073,SRR12576403.15263004,SRR12576403.16570426,SRR12576403.17265592,SRR12576403.22798700,SRR12576403.23866799,SRR12576403.33809251,SRR12576403.3567096,SRR12576403.3606637
SYAP1	TXLNG	+/-	+/-	chrX:16735227	chrX:16786589	CDS	CDS	duplication	3	2	0	336	45	medium	.	.	.	.	.	ENSG00000169895.6	ENSG00000086712.13	.	.	upstream	downstream	duplicates(1)	TTCAGTTATCTTTTTTGTGGCAGCAGATGCAAAGTTAAATAAATAGT|CTTCTGCCGCGGGCTGCGTCGCCGTCCGCCCCGTCCGGCCTCAGTCGCC	.	SRR12576403.11719354,SRR12576403.24402165,SRR12576403.27183633,SRR12576403.9195302,SRR12576403.16501320,SRR12576403.17690117
DSCAML1	TRAPPC4	-/-	+/-	chr11:117515529	chr11:119021886	intron	CDS	duplication/5'-5'	3	1	0	13	237	medium	.	.	Immunoglobulin_I-set_domain(63%),Immunoglobulin_domain(41%)|	.	.	ENSG00000177103.15	ENSG00000196655.12	.	.	upstream	downstream	mismappers(1)	GTGAGGTCTTTGTTTCATGCCTGGTCCTGGGTAGCCGCTCACTAAGT|CTGATAGGCATTTCTAAGGAATAGAATGGATTCTTGAGGGCAAAGTCTGAGTAA	.	SRR12576403.10674878,SRR12576403.14260995,SRR12576403.30884287,SRR12576403.9336184,SRR12576403.21037750
ENSG00000270807(187175),RNU6-472P(17982)	HOOK3	./+	+/-	chr12:33905392	chr8:42906258	intergenic	CDS	translocation	3	1	0	4	13	medium	.	.	.	.	.	.	ENSG00000168172.9	.	.	downstream	downstream	duplicates(1)	CACAGGGCCAGGCTGTCACATTTTTGGCTGCTGGCTGTAAGTTAGAAGTCA|ATCTTTTGAAGAACCTGGGCCATCACAACCCCATTCGTTAAATCTTCC	.	SRR12576403.13039024,SRR12576403.13896591,SRR12576403.27277580,SRR12576403.33153093,SRR12576403.8874355
MAN1A1	RNA5SP214(67610),ENSG00000287253(133834)	-/-	./+	chr6:119248260	chr6:117128409	CDS	intergenic	inversion	2	2	0	65	7	medium	out-of-frame	.	Glycosyl_hydrolase_family_47(29%)|	.	.	ENSG00000111885.7	.	ENST00000368468.4	.	upstream	upstream	.	CATACTCCCTCTGGAATACCTTGGGCATTGCTGAATATGAAAAG|AAAAGCTGTAGGATTATCAAGGAAAAAAGTGACATTTGAGAAGCTCTAAAAGG	HTPSGIPWALLNMKr|kavglsrkkvtfekl*	SRR12576403.10529742,SRR12576403.19253821,SRR12576403.134370,SRR12576403.18323500
ZNF217	BRIP1	-/-	-/+	chr20:53568961	chr17:61791373	3'UTR	intron	translocation/5'-5'	3	1	0	183	6	medium	.	.	Zinc_finger__C2H2_type(100%)|	.	.	ENSG00000171940.14	ENSG00000136492.10	ENST00000371471.7	.	upstream	upstream	duplicates(4)	TTTTTCTTAGAATTGACCAAATAAGAAGTGGAATTTTTGCATACTTGAGC|CAGCAACTCAGGAGGCTTAGACATGAGGATCACTTGAACACGAG	.	SRR12576403.23329270,SRR12576403.2431320,SRR12576403.31988299,SRR12576403.6323469,SRR12576403.15619973,SRR12576403.17569112,SRR12576403.25317743,SRR12576403.26674946
ENSG00000237480(411221),ENSG00000270342(8557)	NCOA3	./-	+/-	chr1:106535785	chr20:47502019	intergenic	5'UTR	translocation	3	1	0	20	200	medium	.	.	.	.	.	.	ENSG00000124151.19	.	.	upstream	downstream	duplicates(3),mismatches(1)	ACTGTTCCATCGTTGGCCCTCAAATTATCTGCTTGTCCTCCACTGGAAAAAC|CTCCCGCCGCCATTTTCCTCGCAGCTCAGCTTTAAATCGGA	.	SRR12576403.14968007,SRR12576403.21361012,SRR12576403.24777873,SRR12576403.4998846,SRR12576403.6231381,SRR12576403.21888529,SRR12576403.29231585,SRR12576403.30168935
MYO6	ENSG00000223786	+/+	+/+	chr6:75749423	chr6:74347075	5'UTR	exon	duplication	2	2	0	50	8	medium	.	.	.	.	.	ENSG00000196586.17	ENSG00000223786.1	ENST00000369985.9	ENST00000435946.1	downstream	upstream	duplicates(2)	TACAGGTAGCCCCGCCGCCGCGCACCTGCCTTCGCTCCCGCACCG|AGAACTTCCCTTCATGATGCTATGCAATCCCCAGGAGAAGCA	.	SRR12576403.1431146,SRR12576403.16949994,SRR12576403.27239198,SRR12576403.12065959,SRR12576403.12105866,SRR12576403.17226588
PAPOLA	AK7	+/+	+/+	chr14:96502600	chr14:96437835	CDS	CDS	duplication	2	2	0	295	33	medium	out-of-frame	.	|Adenylate_kinase(100%),Dpy-30_motif(100%)	.	.	ENSG00000090060.19	ENSG00000140057.9	ENST00000216277.13	ENST00000267584.9	downstream	upstream	.	GGGGAAGTGACTGGGCGGTGCCGGCGCCGGAGACGATGCCGTT|GCCAGAAAATTTGCAGCATACGTAGTTGCTGCTGGACTCCAGTATGGAGCGGAA	MPl|penlqht*	SRR12576403.16779336,SRR12576403.23935666,SRR12576403.20490014,SRR12576403.20892057
CACNA1D	LINC00877	+/+	-/+	chr3:53501720	chr3:72236408	CDS/splice-site	intron	deletion/5'-5'	3	0	0	15	7	medium	out-of-frame	.	Ion_transport_protein(3%)|	.	.	ENSG00000157388.20	ENSG00000241163.10	ENST00000637424.1	.	downstream	upstream	duplicates(1)	ATTTACATCCCATTCCCTGAAGATGATTCTAATTCAACAAATCATAACTTG|GGAAAATTTGGACCCTGAGAGAGACACA	IYIPFPEDDSNSTNHNL|gkfgp*	SRR12576403.20065479,SRR12576403.20101467,SRR12576403.32862890,SRR12576403.3574039
CLASP2	SUSD5	-/-	-/+	chr3:33684359	chr3:33185572	CDS/splice-site	intron	inversion/5'-5'	3	0	0	33	5	medium	out-of-frame	.	CLASP_N_terminal(38%)|	.	.	ENSG00000163539.18	ENSG00000173705.9	ENST00000399362.8	.	upstream	upstream	.	AGACATGTGGGAGAAAAAGTGAGGATGGATCTTTATAAGAGAGGAATTCCCCCTGCTAG|GGACAGCAGTTTGCCCTGTGACCTCACTTTGCTG	RHVGEKVRMDLYKRGIPPAr|dsslpcdltl	SRR12576403.10214771,SRR12576403.16124984,SRR12576403.23098726
ENSG00000205325(13886),LINC02096(39985)	INPP5K	./+	-/+	chr17:14794572	chr17:1495398	intergenic	3'UTR	duplication	2	1	0	8	25	medium	.	.	.	.	.	.	ENSG00000132376.20	.	.	downstream	upstream	duplicates(2)	CTTGGTTTTATCTTTCCAATCTGTTCATCTGGGGCAAGGGACTGGGAGTCTTTTG|TATGTAGCCTGTACAAATGTGAGCATCTCCCCTCCCAGACAG	.	SRR12576403.5622439,SRR12576403.10547884,SRR12576403.12565655,SRR12576403.17432193,SRR12576403.8709241
ENSG00000257435(102073),SYT10(278411)	ANO6	./+	+/-	chr12:33095827	chr12:45331423	intergenic	CDS	inversion	2	1	0	2	17	medium	.	.	.	.	.	.	ENSG00000177119.17	.	.	downstream	downstream	.	GGATTTGAAATGGTGTCTCTCAGACTCTGAGATTCATATTCAGATGCTAC|CCTTTGTTTTTCATTTGTACCCTTTTTATTGGTCTCTTTTCTG	.	SRR12576403.33409452,SRR12576403.4305206,SRR12576403.24658738
BMP7	SULF2	-/-	-/+	chr20:57265705	chr20:47786405	CDS/splice-site	5'UTR	inversion/5'-5'	2	1	0	767	202	medium	out-of-frame	.	TGF-beta_propeptide(42%)|	.	.	ENSG00000101144.13	ENSG00000196562.16	ENST00000395863.8	.	upstream	upstream	.	AGCCATTTCCTCACCGACGCCGACATGGTCATGAGCTTCGTCAACCTCG|GACTCGCCCCGGTCTGCAAACACTCGACTGCCTTTGCCGAAAGC	SHFLTDADMVMSFVNL|glapvckhstafae	SRR12576403.8971621,SRR12576403.18281769,SRR12576403.6978411
RAB27A	DNAAF4-CCPG1	-/-	-/-	chr15:55270165	chr15:55439581	5'UTR/splice-site	exon/splice-site	duplication	3	0	0	53	3	medium	.	.	.	.	.	ENSG00000069974.17	ENSG00000261771.5	ENST00000336787.6	ENST00000565113.5	upstream	downstream	.	ACTCCAGTCTCTAACGTTTTAGAAAATCATAACAAGCGGTTCTCTACCCTGTAAAG|TGGCTACACAAACAAGCTGAGGCACGAAGAG	.	SRR12576403.23542607,SRR12576403.26917569,SRR12576403.863444
AHCYL1	RAD51C	+/+	+/+	chr1:109985172	chr17:58734118	CDS/splice-site	CDS/splice-site	translocation	3	0	0	282	254	medium	in-frame	.	|Rad51(2%)	.	.	ENSG00000168710.18	ENSG00000108384.16	ENST00000369799.10	ENST00000337432.9	downstream	upstream	.	ACGCCGAGAAGTACTCCTTCATGGCCACCGTCACCAAGGCGCCCAAGAAG|CCTCAGGGATTTAGAGATACTGTTGTTACTTCTGCA	AEKYSFMATVTKAPKK|PQGFRDTVVTS	SRR12576403.15194526,SRR12576403.18878621,SRR12576403.6480989
RAB27A	DNAAF4	-/-	-/-	chr15:55270165	chr15:55439581	5'UTR/splice-site	CDS/splice-site	duplication	3	0	0	53	3	medium	.	.	.	.	.	ENSG00000069974.17	ENSG00000256061.7	ENST00000336787.6	ENST00000448430.6	upstream	downstream	.	ACTCCAGTCTCTAACGTTTTAGAAAATCATAACAAGCGGTTCTCTACCCTGTAAAG|TGGCTACACAAACAAGCTGAGGCACGAAGAG	.	SRR12576403.23542607,SRR12576403.26917569,SRR12576403.863444
GFM1	MFSD1	+/-	+/-	chr3:158658922	chr3:158804371	CDS	CDS	duplication	2	1	0	72	64	medium	.	.	.	.	.	ENSG00000168827.15	ENSG00000118855.21	.	.	upstream	downstream	.	CCCTGATAACTGCGAACATAAGTTAATTGTCCAAATCGACCTAC|TCGTTTAACTTGAGTCTGAAGGGCAGCAGGATTATCATAG	.	SRR12576403.11305044,SRR12576403.31281696,SRR12576403.14477551
NFATC1	ENSG00000266213(260538),ENSG00000265644(79124)	+/+	./-	chr18:79451816	chr18:78401425	CDS/splice-site	intergenic	inversion	2	0	0	13	0	medium	out-of-frame	.	Rel_homology_DNA-binding_domain(100%),Rel_homology_dimerisation_domain(37%)|	.	.	ENSG00000131196.18	.	ENST00000253506.9	.	downstream	downstream	duplicates(1)	CTGGCCACAACTTCCTGCAGGACTCCAAGGTCATTTTCGTGGAGAAAGCCCCAG|CGGGAACGCCGCGAACACACGTATTCTCC	GHNFLQDSKVIFVEKAP|agtprthvf	SRR12576403.21361655,SRR12576403.22939129,SRR12576403.25264778
NT5DC1	BCKDHB	+/+	+/+	chr6:116108435	chr6:80343664	CDS/splice-site	CDS/splice-site	duplication	2	0	0	129	17	medium	out-of-frame	.	5'_nucleotidase_family(24%)|Transketolase__C-terminal_domain(28%)	.	.	ENSG00000178425.14	ENSG00000083123.15	ENST00000319550.9	ENST00000356489.9	downstream	upstream	.	AGAAGATGGGAACTTCCTTAAACTTGCAAATAATGGCACTGTTCTCAG|GAGGAATGTTTCTTGAACCTAGAGGCTCC	EDGNFLKLANNGTVLr|rnvs*	SRR12576403.17568481,SRR12576403.20370394
DHX30	EMCN	+/+	-/+	chr3:47818117	chr4:100421254	CDS/splice-site	intron	translocation/5'-5'	2	0	0	19	7	medium	out-of-frame	.	.	.	.	ENSG00000132153.15	ENSG00000164035.10	ENST00000395745.6	.	downstream	upstream	.	CCGCCTTCCACCCATGTGTGTCAACCCTACCCCAGGAGGGACCATCTCTCGAG|GAAAACAAAACAAAACACTGTTACCTACCCG	RLPPMCVNPTPGGTISR|gkqnktllpt	SRR12576403.1008624,SRR12576403.10543468
PREX1	LINC01754(44376),RPL35AP(21511)	-/-	./-	chr20:48676193	chr20:47456703	CDS/splice-site	intergenic	deletion	2	0	0	196	4	medium	out-of-frame	.	Domain_found_in_Dishevelled__Egl-10__and_Pleckstrin_(DEP)(70%),RhoGEF_domain(100%)|	.	.	ENSG00000124126.14	.	ENST00000371941.4	.	upstream	downstream	duplicates(1)	AGTGCTTCCCGGGAGCAAGCTGGTGGACTGGCTGCTGGCTCAG|GCTCTATTCTAGATACTGAGGATACAGCCCTGAAAAG	VLPGSKLVDWLLAQ|alf*	SRR12576403.14465873,SRR12576403.25308805,SRR12576403.27170769
BRPF1	MRPS25	+/+	-/-	chr3:9746454	chr3:15045243	CDS	3'UTR	inversion	1	1	0	33	12	medium	out-of-frame	.	Bromodomain(100%),Enhancer_of_polycomb-like(100%),PHD-finger(100%),PHD-zinc-finger_like_domain(100%),PWWP_domain(60%)|	.	.	ENSG00000156983.17	ENSG00000131368.9	ENST00000383829.7	ENST00000474866.3	downstream	downstream	.	CATCTCTACCTCGTCCTCTTCTTTGACAACAAACGAACCTG|GGAACTGCAACATGGCCCTCATGGTCACTCTCAAGGATCAAAACGAC	HLYLVLFFDNKRTw|elqhgphghsqgskr	SRR12576403.11310046,SRR12576403.2928192
SLC25A19	RNU7-6P(77243),ZFP64(69390)	-/-	./-	chr17:75283423	chr20:51982273	CDS	intergenic	translocation	1	1	0	37	3	medium	out-of-frame	.	Mitochondrial_carrier_protein(46%)|	.	.	ENSG00000125454.12	.	ENST00000416858.7	.	upstream	downstream	.	TGTTCTGCGCACCCGCTTTGCAGCTCAGGGTGAGCCCAAG|ACCCAGTCTCGGCCAGGTGCGGTGGCACACGCCAGTAATCCCAACACTTTGG	VLRTRFAAQGEPK|tqsrpgavahasnpntl	SRR12576403.6695983,SRR12576403.29508694
TANC2	CA4	+/+	+/+	chr17:63074014	chr17:60155314	CDS/splice-site	CDS/splice-site	duplication	2	0	0	30	8	medium	in-frame	.	|Eukaryotic-type_carbonic_anhydrase(100%)	.	.	ENSG00000170921.16	ENSG00000167434.10	ENST00000689528.1	ENST00000586876.1	downstream	upstream	duplicates(2)	AGACAGTCAAGTGTAGACTCTCGCCAAAGCCGCTCTGGGCAAG|AGTCACACTGGTGCTACGAGGTTCAAGCCGAGTCCTC	RQSSVDSRQSRSGQ|eSHWCYEVQAES	SRR12576403.27494933,SRR12576403.29907875,SRR12576403.5483043,SRR12576403.8875089
ATP2B1	ENSG00000257194(64935),LINC02392(103180)	-/-	./-	chr12:89655679	chr12:90177714	CDS/splice-site	intergenic	duplication	2	0	0	57	8	medium	out-of-frame	.	Cation_transporter/ATPase__N-terminus(25%)|	.	.	ENSG00000070961.17	.	ENST00000551310.2	.	upstream	downstream	duplicates(4)	ATGGAATTTGCACCAAATTGAAAACATCTCCCAATGAAG|TTAGAAGAGCATGCTCTAACTTGTGCTTGTTCTACAA	GICTKLKTSPNE|vrracsnlclfy	SRR12576403.11672834,SRR12576403.15490345,SRR12576403.18628636,SRR12576403.22575469,SRR12576403.4378352,SRR12576403.4766606
AK9	CCDC170(8789),ESR1(26709)	-/.	./.	chr6:109529073	chr6:151629982	CDS	intergenic	inversion	1	1	0	6	24	medium	.	.	.	.	.	ENSG00000155085.16	.	.	.	downstream	downstream	.	.	.	SRR12576403.15695884,SRR12576403.33582575
TAF4	BRIP1	-/-	-/-	chr20:62064451	chr17:61849256	CDS	CDS	translocation	1	1	0	24	83	medium	in-frame	.	|DEAD_2(100%),Helicase_C-terminal_domain(100%)	.	.	ENSG00000130699.20	ENSG00000136492.10	ENST00000252996.9	ENST00000259008.7	upstream	downstream	.	GCAGCCGCCTCAGAACCCGACCAACATCCAGAACTTCCAGCTGCCCCCAG|ACTCCCCTGAAAAAACCACTCTGGCTGCAAAGTTATCTGCTAAGAAACAG	QPPQNPTNIQNFQLPP|dSPEKTTLAAKLSAKK	SRR12576403.20810864,SRR12576403.28375274
NCAM2	NCAM2	+/+	+/+	chr21:21280652	chr21:21210541	CDS	intron	duplication	1	1	0	69	5	medium	out-of-frame	.	Immunoglobulin_I-set_domain(6%)|Fibronectin_type_III_domain(100%),Immunoglobulin_I-set_domain(100%),Immunoglobulin_domain(100%)	.	.	ENSG00000154654.15	ENSG00000154654.15	ENST00000400546.6	.	downstream	upstream	.	AGCTTAGTGTTGGAGAATCTAAATTCTTCACATGTACAG|AGTTATTTGAAGAGTACCACGATGGTGAGATCTGATTCAGG	LSVGESKFFTCT|elfeeyhdgei*	SRR12576403.5058075,SRR12576403.20691230
BEND7	PRPF18	-/-	+/-	chr10:13492611	chr10:13610117	CDS	CDS	duplication/5'-5'	1	1	0	4	53	medium	out-of-frame	.	.	.	.	ENSG00000165626.19	ENSG00000165630.15	ENST00000466271.3	.	upstream	downstream	.	CCGCGTTCTAGGATTCGGCATTGTTCTGGAATCACCTTCCTCAGAT|GCTCCTGACCGCCGACGATTTCATTGAGGTACTGCTGATCAATCTTATCCAAG	RVLGFGIVLESPSSD|apdrrrfh*	SRR12576403.16861329,SRR12576403.16348511
TRIM33	TRIM33	-/-	-/+	chr1:114510551	chr1:114500344	CDS/splice-site	intron	inversion/5'-5'	7	0	0	151	8	low	out-of-frame	.	RING-type_zinc-finger(88%)|	.	.	ENSG00000197323.12	ENSG00000197323.12	ENST00000358465.7	.	upstream	upstream	duplicates(3)	GGAGCGCCAGCTCAGCGTGCCCATCCCGGGGGGCAGCAACGGCGACATCCAGCAAG|AGATGGCGGCGTCTCTCTGTGTTGCCCAGGCTGGAG	ERQLSVPIPGGSNGDIQQ|emaaslcvaqag	SRR12576403.13407967,SRR12576403.19090013,SRR12576403.20050276,SRR12576403.26977585,SRR12576403.28799691,SRR12576403.29074060,SRR12576403.29757520,SRR12576403.30783062,SRR12576403.31850998,SRR12576403.6277431
RSBN1	AMPD1	-/-	-/+	chr1:113763780	chr1:114684199	3'UTR	CDS	inversion/5'-5'	4	0	0	32	0	low	.	.	.	.	.	ENSG00000081019.14	ENSG00000116748.22	ENST00000261441.9	.	upstream	upstream	.	GCCAGCACTGTGTATTATCACTCAGGAACCAGCGGATCTGCAAAGAC|CTGGATAGAAGCTCTCATTTGCTACCCAAGCCTCA	.	SRR12576403.10374412,SRR12576403.14981895,SRR12576403.15498819,SRR12576403.22960151
CCDC170	ESR1	+/-	+/-	chr6:151536318	chr6:151676119	CDS	intron	duplication	4	0	0	26	7	low	.	.	.	.	.	ENSG00000120262.10	ENSG00000091831.25	.	.	upstream	downstream	.	CTCCCGCGTGACCGGGACTTCCGAAAGATGATCGTAAGTTTC|ACCAGTTCTTTGTCCTACTTCCATTCTGGCTTGCTCT	.	SRR12576403.20422271,SRR12576403.25109860,SRR12576403.29404273,SRR12576403.8409713
ANKS1B	ANKS1B	-/-	-/+	chr12:99652432	chr12:99651001	intron	intron	inversion/5'-5'	3	0	0	9	15	low	out-of-frame	.	Ankyrin_repeats_(3_copies)(100%)|	.	.	ENSG00000185046.21	ENSG00000185046.21	ENST00000547776.6	.	upstream	upstream	mismatches(1)	CCCATGCTTGCCCAG___ATGGAGTCTCGCTCTGTTTCCCAGGCTGGAGTGCAGTG|TATTTGATACATGTTTGCTGGATCCAATTAAG	PMLAQmesrsvsqagvqc|i*	SRR12576403.19989605,SRR12576403.24770892,SRR12576403.25721391,SRR12576403.33108516
PTPRK	PTPRK	-/-	-/-	chr6:128089690	chr6:128322310	CDS/splice-site	CDS/splice-site	duplication/non-canonical_splicing	2	1	0	57	49	low	in-frame	.	Fibronectin_type_III_domain(49%),Immunoglobulin_I-set_domain(100%),MAM_domain__meprin/A5/mu(100%)|Fibronectin_type_III_domain(100%),Immunoglobulin_I-set_domain(100%),MAM_domain__meprin/A5/mu(75%),Protein-tyrosine_phosphatase(100%),TM_proximal_of_protein_tyrosine_phosphatase__receptor_type_J(100%)	.	.	ENSG00000152894.15	ENSG00000152894.15	ENST00000368226.9	ENST00000368226.9	upstream	downstream	.	AGGGAAGGAAGGAGAGTGAAGAGACAATTATTCAAACTGATGAAGATG|GTTCCTATATGATAGTGGACTCTTCAGATCACGACCCTGGAGAAAAAGCC	GRKESEETIIQTDED|gSYMIVDSSDHDPGEK	SRR12576403.22947890,SRR12576403.23175644,SRR12576403.16062063
CHD3	SCML1	+/-	+/-	chr17:7890938	chrX:17737451	intron	5'UTR	translocation	3	0	0	87	22	low	.	.	.	.	.	ENSG00000170004.19	ENSG00000047634.15	.	.	upstream	downstream	.	GCCCCAGGTCAGAAGCAGAGTTGCTGATGACTTCTGTTCCACTTGCT|t|TTGGGGGGGGGGGGGGGGGGGGGGGGGG	.	SRR12576403.100036,SRR12576403.23540099,SRR12576403.25696325
MGRN1	C16orf96	+/+	+/+	chr16:4625048	chr16:4599284	CDS/splice-site	CDS/splice-site	duplication	2	1	0	62	10	low	in-frame	.	.	.	.	ENSG00000102858.13	ENSG00000205832.8	ENST00000415496.5	ENST00000444310.5	downstream	upstream	.	ACATCGACATCCAGGCGAACTCGGCCTATCGCTACCCTCCGAAGTCCG|CTGTGAAGGCTCCATgTCCCCCGTCACAAAGCCTGTATGACCGTG	IDIQANSAYRYPPKS|aVKAPcPPSQSLYDR	SRR12576403.32697722,SRR12576403.19025343,SRR12576403.3505148
ENSG00000270934(3671),CDK19(7602)	EIF4G1	./-	+/-	chr6:110602376	chr3:184332086	intergenic	CDS	translocation	2	0	0	49	423	low	.	.	.	.	.	.	ENSG00000114867.22	.	.	upstream	downstream	duplicates(1),mismappers(1)	GTGAGCCGAGATTGTGCCATTGCACTTCAGCCTGGGTGACAGGGCGAGACTCCAT|TGGGAGGCTGTTCTAAGGTCACTACAAGGGCCTGGAGGGC	.	SRR12576403.20077670,SRR12576403.10071251,SRR12576403.13868758,SRR12576403.548043
NAV1	GPR37L1	+/+	+/+	chr1:201740076	chr1:202127741	CDS/splice-site	CDS/splice-site	deletion/read-through	2	0	0	7	10	low	out-of-frame	.	|7_transmembrane_receptor_(rhodopsin_family)(74%)	.	.	ENSG00000134369.16	ENSG00000170075.10	ENST00000367295.5	ENST00000367282.6	downstream	upstream	.	CATCTGCCCCTGCCCAGATCCGGAAGAACGGTGAATTTCCCCCGCAG|GTCTCCTCTCTGGGAGTCACGACTTTCAGCCTCTGTG	HLPLPRSGRTVNFPRr|splwesrlsas	SRR12576403.23307536,SRR12576403.9677219
NAV1	GPR37L1	+/+	+/+	chr1:201718755	chr1:202128234	CDS/splice-site	CDS/splice-site	deletion	1	0	0	11	11	low	out-of-frame	.	|7_transmembrane_receptor_(rhodopsin_family)(14%)	.	.	ENSG00000134369.16	ENSG00000170075.10	ENST00000685211.1	ENST00000683557.1	downstream	upstream	duplicates(1)	AGTGACCTCATGGGCAAGACCATGACGGAGGATGATGACATCACTACCGG|AGAACGTCTGCAACATCGTGGTGGC	SDLMGKTMTEDDDITTg|erlqhrg	SRR12576403.10727268,SRR12576403.15109036
NAV1	ENSG00000235811(27648),Y_RNA(3259)	+/+	./+	chr1:201718755	chr1:202067582	CDS/splice-site	intergenic	deletion/read-through	2	0	0	11	5	low	out-of-frame	.	.	.	.	ENSG00000134369.16	.	ENST00000685211.1	.	downstream	upstream	.	CAGTGACCTCATGGGCAAGACCATGACGGAGGATGATGACATCACTACCGG|CTCTGTCTCAGTGTCTGCTTCCAGAGAACCCATTCA	SDLMGKTMTEDDDITTg|svsvsasrepi	SRR12576403.15186831,SRR12576403.9622578
CDK19	SGK1	-/-	-/+	chr6:110638649	chr6:134270671	CDS/splice-site	intron	inversion/5'-5'	1	0	0	14	1	low	out-of-frame	.	Protein_kinase_domain(47%)|	.	.	ENSG00000155111.15	ENSG00000118515.12	ENST00000323817.7	.	upstream	upstream	.	ATATCCTAGTAATGGGAGAAGGTCCTGAGAGGGGGcGAGTCAAAATAG|ATTCTCAGGGGCCAACCTGTGTCTCCA	ILVMGEGPERGRVKI|dsqgptcvs	SRR12576403.24516199
